OverallQual,YearBuilt,ExterQual,BsmtQual,TotalBsmtSF,GrLivArea,FullBath,KitchenQual,GarageCars,OverallGrade,SalePrice
7.0,2003.0,4.0,4.0,856.0,1710.0,2.0,4.0,2.0,35.0,208500
6.0,1976.0,3.0,4.0,1262.0,1262.0,2.0,3.0,2.0,48.0,181500
7.0,2001.0,4.0,4.0,920.0,1786.0,2.0,4.0,2.0,35.0,223500
7.0,1915.0,3.0,3.0,756.0,1717.0,1.0,4.0,3.0,35.0,140000
8.0,2000.0,4.0,4.0,1145.0,2198.0,2.0,4.0,3.0,40.0,250000
5.0,1993.0,3.0,4.0,796.0,1362.0,1.0,3.0,2.0,25.0,143000
8.0,2004.0,4.0,5.0,1686.0,1694.0,2.0,4.0,2.0,40.0,307000
7.0,1973.0,3.0,4.0,1107.0,2090.0,2.0,3.0,2.0,42.0,200000
7.0,1931.0,3.0,3.0,952.0,1774.0,2.0,3.0,2.0,35.0,129900
5.0,1939.0,3.0,3.0,991.0,1077.0,1.0,3.0,1.0,30.0,118000
5.0,1965.0,3.0,3.0,1040.0,1040.0,1.0,3.0,1.0,25.0,129500
9.0,2005.0,5.0,5.0,1175.0,2324.0,3.0,5.0,3.0,45.0,345000
5.0,1962.0,3.0,3.0,912.0,912.0,1.0,3.0,1.0,30.0,144000
7.0,2006.0,4.0,4.0,1494.0,1494.0,2.0,4.0,3.0,35.0,279500
6.0,1960.0,3.0,3.0,1253.0,1253.0,1.0,3.0,1.0,30.0,157000
7.0,1929.0,3.0,3.0,832.0,854.0,1.0,3.0,2.0,56.0,132000
6.0,1970.0,3.0,3.0,1004.0,1004.0,1.0,3.0,2.0,42.0,149000
4.0,1967.0,3.0,0.0,0.0,1296.0,2.0,3.0,2.0,20.0,90000
5.0,2004.0,3.0,3.0,1114.0,1114.0,1.0,4.0,2.0,25.0,159000
5.0,1958.0,3.0,3.0,1029.0,1339.0,1.0,3.0,1.0,30.0,139000
8.0,2005.0,4.0,5.0,1158.0,2376.0,3.0,4.0,3.0,40.0,325300
7.0,1930.0,3.0,3.0,637.0,1108.0,1.0,4.0,1.0,49.0,139400
8.0,2002.0,4.0,4.0,1777.0,1795.0,2.0,4.0,2.0,40.0,230000
5.0,1976.0,3.0,4.0,1040.0,1060.0,1.0,3.0,2.0,35.0,129900
5.0,1968.0,3.0,3.0,1060.0,1060.0,1.0,4.0,1.0,40.0,154000
8.0,2007.0,4.0,4.0,1566.0,1600.0,2.0,4.0,3.0,40.0,256300
5.0,1951.0,3.0,3.0,900.0,900.0,1.0,4.0,2.0,35.0,134800
8.0,2007.0,4.0,5.0,1704.0,1704.0,2.0,4.0,3.0,40.0,306000
5.0,1957.0,3.0,3.0,1484.0,1600.0,1.0,3.0,1.0,30.0,207500
4.0,1927.0,3.0,3.0,520.0,520.0,1.0,2.0,1.0,24.0,68500
4.0,1920.0,3.0,3.0,649.0,1317.0,1.0,3.0,1.0,16.0,40000
5.0,1966.0,3.0,3.0,1228.0,1228.0,1.0,4.0,1.0,30.0,149350
8.0,2007.0,4.0,5.0,1234.0,1234.0,2.0,4.0,2.0,40.0,179900
5.0,1959.0,3.0,3.0,1398.0,1700.0,1.0,4.0,2.0,25.0,165500
9.0,2005.0,5.0,5.0,1561.0,1561.0,2.0,5.0,2.0,45.0,277500
8.0,2004.0,4.0,5.0,1117.0,2452.0,3.0,4.0,3.0,40.0,309000
5.0,1994.0,3.0,4.0,1097.0,1097.0,1.0,3.0,2.0,25.0,145000
5.0,1954.0,3.0,3.0,1297.0,1297.0,1.0,3.0,2.0,30.0,153000
5.0,1953.0,3.0,3.0,1057.0,1057.0,1.0,4.0,1.0,35.0,109000
4.0,1955.0,3.0,0.0,0.0,1152.0,2.0,2.0,0.0,20.0,82000
6.0,1965.0,3.0,3.0,1088.0,1324.0,2.0,3.0,2.0,30.0,160000
5.0,1959.0,3.0,3.0,1350.0,1328.0,1.0,3.0,1.0,30.0,170000
5.0,1983.0,3.0,4.0,840.0,884.0,1.0,4.0,2.0,35.0,144000
5.0,1975.0,3.0,4.0,938.0,938.0,1.0,3.0,1.0,30.0,130250
5.0,1959.0,3.0,3.0,1150.0,1150.0,1.0,3.0,1.0,30.0,141000
9.0,2005.0,5.0,5.0,1752.0,1752.0,2.0,5.0,2.0,45.0,319900
7.0,2003.0,4.0,5.0,1434.0,2149.0,1.0,4.0,2.0,35.0,239686
8.0,2006.0,4.0,4.0,1656.0,1656.0,2.0,4.0,3.0,40.0,249700
4.0,1920.0,3.0,3.0,736.0,1452.0,2.0,3.0,0.0,20.0,113000
5.0,1966.0,3.0,3.0,955.0,955.0,1.0,3.0,1.0,35.0,127000
6.0,1997.0,3.0,4.0,794.0,1470.0,2.0,3.0,2.0,36.0,177000
6.0,1934.0,3.0,3.0,816.0,1176.0,1.0,3.0,2.0,36.0,114500
5.0,1963.0,2.0,4.0,816.0,816.0,1.0,3.0,2.0,25.0,110000
9.0,1981.0,4.0,5.0,1842.0,1842.0,0.0,4.0,3.0,45.0,385000
5.0,1955.0,3.0,3.0,384.0,1360.0,1.0,3.0,2.0,25.0,130000
6.0,1964.0,3.0,3.0,1425.0,1425.0,2.0,3.0,2.0,30.0,180500
8.0,1999.0,4.0,4.0,970.0,1739.0,2.0,4.0,2.0,40.0,172500
7.0,2004.0,4.0,4.0,860.0,1720.0,2.0,4.0,2.0,35.0,196500
10.0,2006.0,5.0,5.0,1410.0,2945.0,3.0,4.0,3.0,50.0,438780
5.0,1972.0,3.0,3.0,780.0,780.0,1.0,3.0,1.0,35.0,124900
6.0,2004.0,3.0,4.0,1158.0,1158.0,1.0,4.0,2.0,30.0,158000
5.0,1920.0,3.0,3.0,530.0,1111.0,1.0,2.0,1.0,35.0,101000
8.0,2006.0,4.0,4.0,1370.0,1370.0,2.0,4.0,2.0,40.0,202500
7.0,1921.0,3.0,3.0,576.0,1710.0,2.0,3.0,2.0,42.0,140000
7.0,1997.0,3.0,4.0,1057.0,2034.0,2.0,4.0,2.0,35.0,219500
8.0,2004.0,4.0,5.0,1143.0,2473.0,2.0,4.0,3.0,40.0,317000
7.0,1970.0,3.0,4.0,1947.0,2207.0,2.0,3.0,2.0,35.0,180000
7.0,2003.0,4.0,4.0,1453.0,1479.0,2.0,4.0,2.0,35.0,226000
4.0,1945.0,3.0,3.0,747.0,747.0,1.0,3.0,1.0,24.0,80000
7.0,1953.0,4.0,3.0,1304.0,2287.0,2.0,3.0,2.0,28.0,225000
7.0,1973.0,3.0,4.0,2223.0,2223.0,2.0,3.0,2.0,42.0,244000
4.0,1982.0,3.0,3.0,845.0,845.0,1.0,3.0,2.0,24.0,129500
7.0,1998.0,3.0,4.0,832.0,1718.0,2.0,3.0,2.0,35.0,185000
5.0,1954.0,3.0,3.0,1086.0,1086.0,1.0,3.0,2.0,35.0,144900
3.0,1915.0,4.0,2.0,840.0,1605.0,2.0,3.0,1.0,18.0,107400
4.0,1973.0,3.0,4.0,462.0,988.0,1.0,3.0,1.0,20.0,91000
4.0,1956.0,3.0,3.0,952.0,952.0,1.0,3.0,1.0,28.0,135750
5.0,1948.0,3.0,3.0,672.0,1285.0,1.0,3.0,1.0,25.0,127000
4.0,1968.0,3.0,3.0,1768.0,1768.0,2.0,3.0,0.0,20.0,136500
5.0,1910.0,3.0,3.0,440.0,1230.0,1.0,3.0,2.0,30.0,110000
6.0,1968.0,3.0,4.0,896.0,2142.0,2.0,4.0,1.0,36.0,193500
6.0,1998.0,3.0,5.0,1237.0,1337.0,2.0,3.0,2.0,30.0,153500
8.0,2007.0,3.0,4.0,1563.0,1563.0,2.0,4.0,3.0,40.0,245000
5.0,1960.0,3.0,3.0,1065.0,1065.0,1.0,3.0,2.0,25.0,126500
7.0,1995.0,3.0,4.0,384.0,1474.0,2.0,3.0,2.0,35.0,168500
8.0,1991.0,4.0,4.0,1288.0,2417.0,2.0,4.0,2.0,40.0,260000
6.0,2005.0,4.0,4.0,684.0,1560.0,2.0,4.0,2.0,30.0,174000
6.0,2009.0,4.0,4.0,612.0,1224.0,2.0,4.0,2.0,30.0,164500
3.0,1915.0,2.0,3.0,1013.0,1526.0,1.0,2.0,0.0,6.0,85000
4.0,1994.0,3.0,4.0,990.0,990.0,1.0,3.0,0.0,20.0,123600
4.0,1950.0,3.0,0.0,0.0,1040.0,1.0,3.0,2.0,20.0,109900
5.0,1961.0,3.0,3.0,1235.0,1235.0,1.0,3.0,2.0,15.0,98600
5.0,1921.0,3.0,4.0,876.0,964.0,1.0,3.0,2.0,35.0,163500
6.0,1910.0,3.0,3.0,1214.0,2291.0,2.0,3.0,2.0,36.0,133900
6.0,1997.0,3.0,4.0,824.0,1786.0,2.0,4.0,2.0,30.0,204750
6.0,1993.0,5.0,4.0,680.0,1470.0,2.0,3.0,2.0,48.0,185000
7.0,1999.0,4.0,4.0,1588.0,1588.0,2.0,4.0,2.0,35.0,214000
4.0,1965.0,3.0,3.0,960.0,960.0,1.0,3.0,1.0,20.0,94750
5.0,1920.0,3.0,3.0,458.0,835.0,1.0,3.0,1.0,25.0,83000
4.0,1959.0,3.0,3.0,950.0,1225.0,1.0,3.0,0.0,20.0,128950
6.0,1977.0,3.0,3.0,1610.0,1610.0,2.0,4.0,2.0,42.0,205000
6.0,1985.0,4.0,4.0,741.0,1732.0,2.0,4.0,2.0,30.0,178000
5.0,1979.0,3.0,0.0,0.0,1535.0,2.0,3.0,2.0,25.0,118964
7.0,2009.0,3.0,4.0,1226.0,1226.0,2.0,4.0,3.0,35.0,198900
7.0,1931.0,3.0,3.0,1040.0,1818.0,1.0,3.0,1.0,28.0,169500
8.0,2003.0,4.0,5.0,1053.0,1992.0,2.0,4.0,2.0,40.0,250000
4.0,1885.0,3.0,2.0,641.0,1047.0,1.0,3.0,1.0,28.0,100000
5.0,1948.0,3.0,3.0,789.0,789.0,1.0,3.0,1.0,25.0,115000
5.0,1919.0,3.0,3.0,793.0,1517.0,2.0,2.0,0.0,35.0,115000
6.0,1977.0,3.0,4.0,1844.0,1844.0,2.0,3.0,2.0,36.0,190000
6.0,1954.0,3.0,3.0,994.0,1855.0,2.0,3.0,1.0,24.0,136900
7.0,2000.0,3.0,4.0,384.0,1430.0,2.0,3.0,2.0,35.0,180000
7.0,2007.0,4.0,5.0,1264.0,2696.0,2.0,5.0,3.0,35.0,383970
6.0,1953.0,3.0,4.0,1809.0,2259.0,2.0,4.0,2.0,30.0,217000
6.0,1945.0,3.0,3.0,1028.0,2320.0,2.0,4.0,1.0,48.0,259500
6.0,1999.0,3.0,4.0,729.0,1458.0,2.0,3.0,2.0,30.0,176000
5.0,1962.0,3.0,3.0,1092.0,1092.0,1.0,3.0,1.0,25.0,139000
5.0,2006.0,3.0,4.0,1125.0,1125.0,1.0,3.0,2.0,25.0,155000
7.0,1990.0,3.0,4.0,1673.0,3222.0,3.0,4.0,3.0,35.0,320000
6.0,2005.0,4.0,4.0,728.0,1456.0,2.0,4.0,2.0,30.0,163990
6.0,1969.0,3.0,3.0,938.0,988.0,1.0,3.0,2.0,30.0,180000
4.0,1939.0,3.0,3.0,732.0,1123.0,1.0,3.0,1.0,20.0,100000
6.0,1958.0,3.0,3.0,1080.0,1080.0,1.0,3.0,1.0,42.0,136000
6.0,1993.0,4.0,4.0,1199.0,1199.0,2.0,4.0,2.0,30.0,153900
6.0,1979.0,3.0,4.0,1362.0,1586.0,2.0,3.0,2.0,30.0,181000
6.0,1935.0,3.0,3.0,520.0,754.0,1.0,3.0,0.0,48.0,84500
6.0,1976.0,3.0,4.0,1078.0,958.0,2.0,3.0,2.0,30.0,128000
5.0,1930.0,3.0,3.0,672.0,840.0,1.0,3.0,0.0,35.0,87000
6.0,1966.0,3.0,3.0,660.0,1348.0,1.0,3.0,2.0,30.0,155000
5.0,1958.0,3.0,3.0,1008.0,1053.0,1.0,5.0,2.0,35.0,150000
7.0,1966.0,3.0,3.0,924.0,2157.0,2.0,4.0,2.0,42.0,226000
6.0,2000.0,4.0,4.0,992.0,2054.0,2.0,4.0,2.0,30.0,244000
5.0,1959.0,3.0,3.0,1063.0,1327.0,1.0,4.0,2.0,30.0,150750
8.0,2001.0,4.0,5.0,1267.0,1296.0,2.0,4.0,2.0,40.0,220000
5.0,1968.0,3.0,3.0,1461.0,1721.0,2.0,3.0,2.0,30.0,180000
7.0,1970.0,3.0,3.0,1304.0,1682.0,2.0,3.0,2.0,42.0,174000
5.0,1967.0,3.0,3.0,1214.0,1214.0,2.0,3.0,1.0,25.0,143000
7.0,1988.0,3.0,3.0,1907.0,1959.0,3.0,3.0,3.0,35.0,171000
8.0,1999.0,4.0,4.0,1004.0,1852.0,2.0,4.0,3.0,40.0,230000
6.0,1997.0,3.0,4.0,928.0,1764.0,2.0,4.0,2.0,30.0,231500
4.0,1971.0,3.0,3.0,864.0,864.0,1.0,3.0,0.0,20.0,115000
7.0,2005.0,4.0,4.0,1734.0,1734.0,2.0,4.0,2.0,35.0,260000
5.0,1952.0,3.0,3.0,910.0,1385.0,2.0,3.0,2.0,20.0,166000
7.0,1999.0,4.0,4.0,1490.0,1501.0,2.0,4.0,2.0,35.0,204000
5.0,1963.0,3.0,3.0,1728.0,1728.0,2.0,3.0,2.0,25.0,125000
6.0,2004.0,4.0,4.0,970.0,1709.0,2.0,4.0,2.0,30.0,130000
5.0,1931.0,3.0,3.0,715.0,875.0,1.0,3.0,1.0,35.0,105000
7.0,2001.0,4.0,4.0,884.0,2035.0,2.0,4.0,2.0,35.0,222500
7.0,2004.0,3.0,4.0,1080.0,1080.0,1.0,4.0,0.0,35.0,141000
5.0,1936.0,3.0,4.0,896.0,1344.0,1.0,3.0,1.0,20.0,115000
5.0,1975.0,3.0,3.0,969.0,969.0,1.0,3.0,2.0,30.0,122000
8.0,2007.0,4.0,5.0,1710.0,1710.0,2.0,4.0,3.0,40.0,372402
6.0,1971.0,3.0,3.0,825.0,1993.0,2.0,3.0,2.0,30.0,190000
6.0,1960.0,3.0,4.0,1602.0,1252.0,1.0,3.0,2.0,42.0,235000
6.0,1923.0,3.0,3.0,1200.0,1200.0,1.0,3.0,1.0,30.0,125000
6.0,1924.0,3.0,3.0,572.0,1096.0,1.0,3.0,0.0,30.0,79000
5.0,1950.0,3.0,0.0,0.0,1040.0,1.0,3.0,2.0,35.0,109500
8.0,2009.0,4.0,5.0,774.0,1968.0,2.0,5.0,3.0,40.0,269500
7.0,2004.0,4.0,4.0,991.0,1947.0,2.0,4.0,2.0,35.0,254900
7.0,2005.0,4.0,4.0,1392.0,2462.0,2.0,4.0,2.0,35.0,320000
6.0,1984.0,3.0,4.0,1232.0,1232.0,2.0,3.0,2.0,36.0,162500
9.0,2003.0,4.0,5.0,1572.0,2668.0,2.0,5.0,3.0,45.0,412500
7.0,2005.0,4.0,4.0,1541.0,1541.0,2.0,4.0,2.0,35.0,220000
4.0,1956.0,3.0,3.0,882.0,882.0,1.0,3.0,0.0,24.0,103200
6.0,1926.0,3.0,3.0,1149.0,1616.0,2.0,4.0,1.0,42.0,152000
5.0,1940.0,3.0,3.0,644.0,1355.0,2.0,3.0,0.0,35.0,127500
5.0,1955.0,4.0,3.0,1617.0,1867.0,1.0,3.0,1.0,25.0,190000
8.0,2007.0,4.0,5.0,1582.0,2161.0,1.0,5.0,3.0,40.0,325624
7.0,2004.0,4.0,4.0,840.0,1720.0,2.0,4.0,2.0,35.0,183500
8.0,1981.0,4.0,4.0,1686.0,1707.0,2.0,3.0,2.0,48.0,228000
5.0,1941.0,3.0,3.0,720.0,1382.0,1.0,3.0,2.0,30.0,128500
6.0,1960.0,3.0,3.0,1080.0,1656.0,1.0,3.0,2.0,30.0,215000
7.0,1987.0,4.0,4.0,1064.0,1767.0,2.0,4.0,2.0,49.0,239000
6.0,1961.0,3.0,3.0,1362.0,1362.0,1.0,3.0,2.0,30.0,163000
6.0,1986.0,3.0,4.0,1606.0,1651.0,2.0,3.0,2.0,30.0,184000
6.0,1950.0,3.0,3.0,1202.0,2158.0,2.0,4.0,2.0,42.0,243000
6.0,1988.0,4.0,4.0,1151.0,2060.0,2.0,3.0,2.0,30.0,211000
5.0,1958.0,4.0,3.0,1052.0,1920.0,2.0,4.0,2.0,25.0,172500
9.0,2008.0,5.0,5.0,2216.0,2234.0,2.0,5.0,3.0,45.0,501837
5.0,1923.0,4.0,3.0,968.0,968.0,1.0,3.0,2.0,30.0,100000
6.0,2000.0,4.0,4.0,756.0,1525.0,2.0,4.0,2.0,30.0,177000
7.0,1920.0,3.0,2.0,793.0,1802.0,1.0,3.0,1.0,42.0,200100
5.0,1957.0,3.0,0.0,0.0,1340.0,1.0,3.0,1.0,30.0,120000
7.0,2003.0,3.0,4.0,1362.0,2082.0,2.0,4.0,2.0,35.0,200000
5.0,1908.0,3.0,2.0,504.0,1252.0,1.0,3.0,2.0,40.0,127000
10.0,1892.0,4.0,3.0,1107.0,3608.0,2.0,5.0,3.0,90.0,475000
7.0,1990.0,3.0,4.0,1188.0,1217.0,2.0,4.0,2.0,35.0,173000
5.0,1916.0,3.0,2.0,660.0,1656.0,2.0,3.0,1.0,35.0,135000
5.0,1979.0,3.0,4.0,1086.0,1224.0,0.0,3.0,2.0,25.0,153337
8.0,2001.0,4.0,5.0,1593.0,1593.0,1.0,5.0,2.0,40.0,286000
8.0,1932.0,4.0,4.0,853.0,2727.0,2.0,4.0,2.0,64.0,315000
7.0,1972.0,3.0,3.0,725.0,1479.0,1.0,4.0,2.0,63.0,184000
7.0,1999.0,4.0,4.0,1431.0,1431.0,2.0,4.0,2.0,35.0,192000
7.0,2004.0,4.0,4.0,970.0,1709.0,2.0,4.0,2.0,35.0,130000
5.0,1972.0,3.0,3.0,864.0,864.0,1.0,3.0,1.0,35.0,127000
6.0,1976.0,3.0,4.0,855.0,1456.0,2.0,3.0,2.0,36.0,148500
7.0,2007.0,5.0,5.0,1726.0,1726.0,2.0,5.0,3.0,35.0,311872
8.0,1918.0,4.0,3.0,1360.0,3112.0,2.0,4.0,2.0,32.0,235000
6.0,1912.0,3.0,3.0,755.0,2229.0,1.0,3.0,0.0,36.0,104000
8.0,2004.0,4.0,5.0,1713.0,1713.0,2.0,5.0,3.0,40.0,274900
4.0,2003.0,3.0,4.0,1121.0,1121.0,2.0,3.0,2.0,20.0,140000
6.0,1977.0,3.0,3.0,1196.0,1279.0,2.0,3.0,2.0,36.0,171500
6.0,1924.0,3.0,2.0,617.0,1310.0,2.0,3.0,1.0,36.0,112000
6.0,2004.0,4.0,4.0,848.0,848.0,1.0,4.0,2.0,30.0,149000
5.0,1947.0,3.0,3.0,720.0,1284.0,1.0,3.0,1.0,35.0,110000
7.0,1990.0,3.0,4.0,1424.0,1442.0,2.0,3.0,2.0,35.0,180500
5.0,1962.0,3.0,3.0,1140.0,1696.0,1.0,3.0,1.0,25.0,143900
4.0,1960.0,3.0,3.0,1100.0,1100.0,1.0,3.0,1.0,20.0,141000
7.0,1988.0,4.0,4.0,1157.0,2062.0,2.0,3.0,2.0,35.0,277000
6.0,1964.0,3.0,4.0,1092.0,1092.0,1.0,3.0,2.0,42.0,145000
5.0,1925.0,3.0,3.0,864.0,864.0,1.0,3.0,0.0,30.0,98000
6.0,2009.0,3.0,4.0,1212.0,1212.0,2.0,4.0,2.0,30.0,186000
7.0,2009.0,3.0,4.0,900.0,1852.0,2.0,4.0,2.0,35.0,252678
5.0,1995.0,3.0,4.0,990.0,990.0,1.0,3.0,2.0,25.0,156000
6.0,1977.0,3.0,4.0,689.0,1392.0,1.0,3.0,1.0,42.0,161750
5.0,1957.0,3.0,3.0,1070.0,1236.0,1.0,4.0,1.0,30.0,134450
7.0,2004.0,4.0,4.0,1436.0,1436.0,2.0,4.0,2.0,35.0,210000
4.0,1925.0,3.0,3.0,686.0,1328.0,1.0,3.0,1.0,16.0,107000
7.0,1939.0,4.0,3.0,798.0,1954.0,1.0,4.0,2.0,63.0,311500
7.0,2005.0,4.0,4.0,1248.0,1248.0,2.0,4.0,2.0,35.0,167240
7.0,2006.0,4.0,4.0,1498.0,1498.0,2.0,4.0,2.0,35.0,204900
6.0,2002.0,4.0,4.0,1010.0,2267.0,2.0,4.0,2.0,30.0,200000
6.0,1975.0,3.0,4.0,713.0,1552.0,2.0,3.0,2.0,36.0,179900
4.0,1971.0,3.0,3.0,864.0,864.0,1.0,3.0,2.0,24.0,97000
10.0,2003.0,5.0,5.0,2392.0,2392.0,2.0,5.0,3.0,50.0,386250
5.0,1971.0,3.0,3.0,630.0,1302.0,2.0,3.0,1.0,25.0,112000
7.0,1995.0,4.0,4.0,1203.0,2520.0,2.0,4.0,3.0,35.0,290000
6.0,1970.0,3.0,3.0,483.0,987.0,1.0,3.0,1.0,36.0,106000
5.0,1967.0,3.0,3.0,912.0,912.0,1.0,3.0,1.0,25.0,125000
7.0,2005.0,4.0,4.0,1373.0,1555.0,2.0,4.0,2.0,35.0,192500
6.0,1959.0,3.0,3.0,1194.0,1194.0,1.0,3.0,1.0,36.0,148000
8.0,1995.0,4.0,4.0,1462.0,2794.0,2.0,5.0,3.0,40.0,403000
6.0,1972.0,3.0,3.0,483.0,987.0,1.0,3.0,1.0,30.0,94500
5.0,1976.0,3.0,3.0,894.0,894.0,1.0,3.0,1.0,30.0,128200
6.0,2002.0,4.0,4.0,860.0,1960.0,2.0,4.0,2.0,30.0,216500
6.0,1971.0,3.0,3.0,483.0,987.0,1.0,3.0,1.0,18.0,89500
7.0,2004.0,4.0,4.0,1414.0,1414.0,2.0,4.0,2.0,35.0,185500
7.0,1993.0,4.0,4.0,996.0,1744.0,2.0,4.0,2.0,49.0,194500
8.0,2007.0,5.0,5.0,1694.0,1694.0,2.0,4.0,3.0,40.0,318000
6.0,1945.0,3.0,3.0,735.0,1487.0,1.0,3.0,1.0,24.0,113000
8.0,2008.0,4.0,4.0,1566.0,1566.0,2.0,4.0,2.0,40.0,262500
5.0,1945.0,3.0,3.0,686.0,866.0,1.0,4.0,0.0,45.0,110500
5.0,1900.0,3.0,3.0,540.0,1440.0,1.0,3.0,1.0,20.0,79000
6.0,1980.0,3.0,4.0,626.0,1217.0,1.0,3.0,1.0,36.0,120000
7.0,1994.0,4.0,4.0,948.0,2110.0,2.0,4.0,2.0,35.0,205000
7.0,1988.0,3.0,4.0,1845.0,1872.0,2.0,3.0,2.0,35.0,241500
6.0,1910.0,3.0,2.0,1020.0,1928.0,2.0,2.0,1.0,48.0,137000
6.0,1954.0,3.0,3.0,1367.0,1375.0,1.0,3.0,2.0,30.0,140000
7.0,2003.0,4.0,4.0,840.0,1668.0,2.0,4.0,2.0,35.0,180000
6.0,1958.0,4.0,4.0,1444.0,2144.0,2.0,4.0,2.0,42.0,277000
3.0,1940.0,3.0,3.0,728.0,1306.0,1.0,2.0,0.0,6.0,76500
8.0,2006.0,4.0,4.0,1573.0,1625.0,2.0,4.0,2.0,40.0,235000
6.0,2004.0,4.0,4.0,798.0,1640.0,2.0,4.0,2.0,30.0,173000
6.0,1964.0,3.0,4.0,1302.0,1302.0,2.0,4.0,1.0,42.0,158000
5.0,1957.0,3.0,3.0,1314.0,1314.0,1.0,3.0,1.0,30.0,145000
7.0,1999.0,4.0,4.0,975.0,2291.0,2.0,4.0,2.0,35.0,230000
6.0,2003.0,4.0,4.0,864.0,1728.0,2.0,4.0,2.0,30.0,207500
7.0,2006.0,4.0,4.0,1604.0,1604.0,2.0,4.0,2.0,35.0,220000
7.0,2001.0,4.0,4.0,963.0,1792.0,2.0,4.0,2.0,35.0,231500
5.0,1956.0,3.0,0.0,0.0,882.0,1.0,3.0,1.0,25.0,97000
6.0,1962.0,3.0,3.0,1362.0,1382.0,1.0,3.0,2.0,30.0,176000
8.0,2007.0,4.0,5.0,1482.0,2574.0,2.0,5.0,3.0,40.0,276000
6.0,1977.0,3.0,4.0,506.0,1212.0,1.0,3.0,2.0,42.0,151000
5.0,1929.0,3.0,3.0,926.0,1316.0,1.0,3.0,2.0,35.0,130000
5.0,1925.0,3.0,2.0,680.0,764.0,1.0,3.0,2.0,25.0,73000
6.0,1981.0,3.0,4.0,1422.0,1422.0,2.0,4.0,2.0,36.0,175500
6.0,1997.0,3.0,4.0,802.0,1511.0,2.0,3.0,2.0,30.0,185000
5.0,1939.0,3.0,3.0,720.0,2192.0,2.0,4.0,1.0,40.0,179500
5.0,1940.0,3.0,3.0,740.0,778.0,1.0,3.0,1.0,30.0,120500
6.0,1976.0,3.0,3.0,1143.0,1113.0,1.0,3.0,1.0,42.0,148000
8.0,2006.0,4.0,4.0,1095.0,1939.0,2.0,4.0,3.0,40.0,266000
7.0,1954.0,3.0,4.0,1385.0,1363.0,1.0,3.0,2.0,49.0,241500
8.0,1999.0,4.0,4.0,1152.0,2270.0,2.0,4.0,3.0,56.0,290000
6.0,1958.0,3.0,3.0,1240.0,1632.0,2.0,3.0,1.0,36.0,139000
5.0,1982.0,3.0,3.0,816.0,816.0,1.0,3.0,1.0,35.0,124500
7.0,1925.0,4.0,3.0,952.0,1548.0,2.0,5.0,2.0,49.0,205000
7.0,2003.0,4.0,5.0,1560.0,1560.0,2.0,4.0,2.0,35.0,201000
4.0,1951.0,3.0,3.0,864.0,864.0,1.0,3.0,2.0,20.0,141000
9.0,2006.0,5.0,5.0,2121.0,2121.0,2.0,5.0,3.0,45.0,415298
7.0,1977.0,3.0,4.0,1160.0,2022.0,2.0,3.0,2.0,35.0,192000
7.0,1989.0,4.0,4.0,807.0,1982.0,2.0,4.0,2.0,42.0,228500
6.0,2006.0,4.0,4.0,1262.0,1262.0,2.0,4.0,2.0,30.0,185000
7.0,2007.0,4.0,4.0,1314.0,1314.0,2.0,4.0,2.0,35.0,207500
8.0,2008.0,4.0,4.0,1468.0,1468.0,2.0,4.0,3.0,40.0,244600
6.0,1992.0,4.0,4.0,1575.0,1575.0,2.0,4.0,2.0,30.0,179200
7.0,2006.0,4.0,4.0,625.0,1250.0,2.0,4.0,2.0,35.0,164700
6.0,1962.0,3.0,3.0,912.0,1734.0,1.0,4.0,2.0,42.0,159000
4.0,1971.0,3.0,3.0,858.0,858.0,1.0,3.0,0.0,16.0,88000
5.0,1967.0,3.0,3.0,882.0,900.0,1.0,3.0,1.0,25.0,122000
6.0,1915.0,3.0,3.0,698.0,1396.0,1.0,3.0,1.0,42.0,153575
8.0,2006.0,4.0,4.0,1079.0,1919.0,2.0,4.0,2.0,40.0,233230
5.0,1912.0,3.0,3.0,780.0,1716.0,2.0,2.0,0.0,30.0,135900
5.0,1949.0,3.0,3.0,768.0,1716.0,1.0,3.0,1.0,20.0,131000
7.0,1977.0,3.0,3.0,795.0,2263.0,2.0,4.0,2.0,49.0,235000
6.0,1953.0,3.0,3.0,1416.0,1644.0,1.0,3.0,2.0,30.0,167000
6.0,1984.0,3.0,3.0,1003.0,1003.0,1.0,3.0,2.0,36.0,142500
5.0,1950.0,3.0,3.0,910.0,1558.0,1.0,3.0,1.0,25.0,152000
7.0,1997.0,4.0,4.0,975.0,1950.0,2.0,4.0,2.0,35.0,239000
6.0,1968.0,4.0,3.0,702.0,1743.0,1.0,3.0,2.0,36.0,175000
6.0,1950.0,3.0,3.0,1092.0,1152.0,1.0,4.0,1.0,48.0,158500
5.0,1953.0,3.0,3.0,1165.0,1336.0,1.0,3.0,1.0,25.0,157000
8.0,1998.0,4.0,4.0,1028.0,2452.0,2.0,4.0,2.0,40.0,267000
7.0,2001.0,4.0,4.0,1541.0,1541.0,2.0,4.0,3.0,35.0,205000
5.0,1972.0,3.0,3.0,894.0,894.0,1.0,3.0,2.0,35.0,149900
7.0,1880.0,3.0,3.0,1470.0,3493.0,3.0,4.0,3.0,63.0,295000
8.0,2004.0,4.0,4.0,2000.0,2000.0,2.0,4.0,3.0,40.0,305900
7.0,1990.0,4.0,4.0,700.0,2243.0,2.0,4.0,3.0,35.0,225000
6.0,1920.0,3.0,3.0,319.0,1406.0,1.0,2.0,0.0,42.0,89500
4.0,1940.0,3.0,3.0,861.0,861.0,1.0,3.0,2.0,20.0,82500
9.0,2003.0,4.0,5.0,1896.0,1944.0,2.0,5.0,3.0,45.0,360000
6.0,1993.0,3.0,4.0,697.0,1501.0,2.0,4.0,2.0,30.0,165600
6.0,1948.0,3.0,3.0,972.0,972.0,1.0,3.0,1.0,36.0,132000
5.0,1939.0,3.0,4.0,793.0,1118.0,1.0,3.0,2.0,35.0,119900
7.0,1965.0,3.0,4.0,2136.0,2036.0,2.0,3.0,2.0,35.0,375000
7.0,1925.0,3.0,3.0,728.0,1641.0,1.0,5.0,2.0,49.0,178000
7.0,2004.0,4.0,4.0,716.0,1432.0,2.0,4.0,2.0,35.0,188500
7.0,1980.0,4.0,4.0,845.0,2353.0,2.0,5.0,2.0,49.0,260000
8.0,2006.0,4.0,4.0,1088.0,1959.0,2.0,4.0,3.0,40.0,270000
7.0,1993.0,4.0,4.0,1347.0,2646.0,2.0,4.0,3.0,35.0,260000
7.0,1980.0,3.0,4.0,1372.0,1472.0,2.0,3.0,2.0,35.0,187500
9.0,2006.0,3.0,5.0,1249.0,2596.0,3.0,4.0,3.0,45.0,342643
8.0,2004.0,4.0,5.0,1136.0,2468.0,2.0,4.0,3.0,40.0,354000
7.0,1986.0,4.0,3.0,1502.0,2730.0,2.0,4.0,2.0,35.0,301000
3.0,1955.0,3.0,3.0,1162.0,1163.0,1.0,3.0,1.0,24.0,126175
7.0,1967.0,4.0,4.0,710.0,2978.0,2.0,4.0,2.0,49.0,242000
5.0,1941.0,3.0,3.0,720.0,803.0,1.0,3.0,2.0,30.0,87000
8.0,1993.0,4.0,4.0,1719.0,1719.0,1.0,4.0,2.0,40.0,324000
6.0,1960.0,3.0,3.0,1383.0,1383.0,1.0,3.0,1.0,30.0,145250
6.0,1916.0,3.0,3.0,844.0,2134.0,2.0,4.0,2.0,36.0,214500
5.0,1920.0,3.0,3.0,596.0,1192.0,1.0,3.0,1.0,25.0,78000
5.0,1964.0,3.0,3.0,1728.0,1728.0,2.0,3.0,1.0,20.0,119000
5.0,1958.0,3.0,3.0,1056.0,1056.0,1.0,3.0,1.0,30.0,139000
8.0,2003.0,4.0,4.0,3206.0,1629.0,2.0,4.0,3.0,40.0,284000
7.0,2004.0,4.0,4.0,1358.0,1358.0,2.0,4.0,2.0,35.0,207000
6.0,1998.0,3.0,4.0,943.0,1638.0,2.0,3.0,2.0,30.0,192000
5.0,1965.0,3.0,3.0,1499.0,1786.0,2.0,3.0,2.0,30.0,228950
9.0,2005.0,4.0,5.0,1922.0,1922.0,2.0,4.0,3.0,45.0,377426
7.0,2002.0,4.0,4.0,1536.0,1536.0,2.0,4.0,2.0,35.0,214000
7.0,1984.0,4.0,4.0,1208.0,1621.0,2.0,4.0,2.0,49.0,202500
6.0,1958.0,3.0,3.0,1215.0,1215.0,1.0,3.0,1.0,42.0,155000
8.0,2002.0,4.0,4.0,967.0,1908.0,2.0,4.0,2.0,40.0,202900
4.0,1950.0,2.0,3.0,721.0,841.0,1.0,3.0,1.0,16.0,82000
3.0,1949.0,3.0,0.0,0.0,1040.0,2.0,3.0,2.0,12.0,87500
9.0,2005.0,5.0,5.0,1684.0,1684.0,2.0,5.0,2.0,45.0,266000
5.0,1976.0,3.0,4.0,536.0,1112.0,1.0,3.0,1.0,15.0,85000
6.0,1939.0,3.0,3.0,972.0,1577.0,1.0,2.0,1.0,30.0,140200
6.0,1960.0,3.0,3.0,958.0,958.0,1.0,3.0,1.0,48.0,151500
6.0,1960.0,3.0,3.0,1478.0,1478.0,2.0,3.0,2.0,30.0,157500
7.0,2003.0,4.0,4.0,764.0,1626.0,2.0,4.0,2.0,35.0,154000
9.0,2005.0,5.0,5.0,1848.0,2728.0,2.0,5.0,3.0,45.0,437154
9.0,2007.0,5.0,5.0,1869.0,1869.0,2.0,5.0,2.0,45.0,318061
7.0,1986.0,3.0,4.0,1453.0,1453.0,1.0,4.0,2.0,35.0,190000
5.0,1941.0,3.0,3.0,616.0,1111.0,1.0,3.0,1.0,30.0,95000
6.0,1928.0,3.0,3.0,624.0,720.0,1.0,3.0,2.0,48.0,105900
6.0,1940.0,3.0,3.0,940.0,1595.0,1.0,3.0,1.0,30.0,140000
6.0,1995.0,4.0,4.0,1200.0,1200.0,2.0,4.0,2.0,30.0,177500
6.0,1992.0,3.0,4.0,1158.0,1167.0,2.0,4.0,2.0,36.0,173000
5.0,1976.0,3.0,4.0,1142.0,1142.0,1.0,3.0,2.0,25.0,134000
5.0,1958.0,3.0,3.0,1062.0,1352.0,1.0,4.0,1.0,20.0,130000
8.0,1998.0,4.0,4.0,1086.0,1924.0,2.0,4.0,2.0,40.0,280000
6.0,1978.0,3.0,4.0,888.0,912.0,1.0,3.0,2.0,36.0,156000
5.0,1940.0,3.0,3.0,883.0,1505.0,1.0,3.0,1.0,25.0,145000
7.0,2003.0,4.0,0.0,0.0,1922.0,3.0,4.0,2.0,35.0,198500
6.0,1972.0,3.0,3.0,483.0,987.0,1.0,4.0,1.0,48.0,118000
6.0,1976.0,3.0,4.0,796.0,1574.0,2.0,3.0,2.0,30.0,190000
5.0,1920.0,3.0,3.0,672.0,1344.0,1.0,3.0,1.0,35.0,147000
6.0,1963.0,3.0,4.0,1394.0,1394.0,1.0,3.0,2.0,30.0,159000
6.0,1962.0,3.0,4.0,1099.0,1431.0,1.0,3.0,1.0,30.0,165000
5.0,1954.0,3.0,3.0,1268.0,1268.0,1.0,3.0,1.0,30.0,132000
5.0,1959.0,3.0,3.0,1063.0,1287.0,1.0,4.0,2.0,35.0,162000
6.0,2000.0,3.0,4.0,953.0,1664.0,2.0,3.0,2.0,30.0,172400
4.0,1959.0,3.0,0.0,0.0,1588.0,2.0,3.0,2.0,16.0,134432
6.0,1984.0,3.0,4.0,744.0,752.0,1.0,3.0,1.0,30.0,125000
5.0,1953.0,3.0,3.0,608.0,1319.0,1.0,3.0,1.0,30.0,123000
7.0,2003.0,4.0,4.0,847.0,1928.0,2.0,4.0,2.0,35.0,219500
1.0,1922.0,2.0,2.0,683.0,904.0,0.0,2.0,0.0,1.0,61000
5.0,1996.0,4.0,4.0,870.0,914.0,1.0,3.0,2.0,25.0,148000
8.0,2004.0,4.0,4.0,1580.0,2466.0,3.0,4.0,2.0,40.0,340000
9.0,2010.0,4.0,5.0,1856.0,1856.0,1.0,5.0,3.0,18.0,394432
6.0,2000.0,3.0,4.0,982.0,1800.0,2.0,3.0,2.0,30.0,179000
5.0,1924.0,3.0,3.0,1026.0,1691.0,2.0,4.0,1.0,30.0,127000
7.0,2006.0,4.0,4.0,1293.0,1301.0,2.0,4.0,2.0,35.0,187750
7.0,2006.0,4.0,4.0,939.0,1797.0,2.0,4.0,2.0,35.0,213500
6.0,1928.0,3.0,2.0,784.0,784.0,1.0,3.0,2.0,18.0,76000
6.0,1992.0,4.0,4.0,1580.0,1953.0,2.0,4.0,2.0,30.0,240000
8.0,2004.0,4.0,4.0,1256.0,1269.0,2.0,4.0,2.0,40.0,192000
5.0,1910.0,3.0,3.0,658.0,1184.0,1.0,3.0,0.0,15.0,81000
6.0,1976.0,3.0,3.0,1041.0,1125.0,1.0,3.0,1.0,36.0,125000
7.0,1999.0,4.0,4.0,1468.0,1479.0,2.0,4.0,2.0,35.0,191000
10.0,2007.0,5.0,5.0,1682.0,2332.0,2.0,5.0,3.0,50.0,426000
5.0,1900.0,3.0,3.0,861.0,1367.0,1.0,3.0,1.0,40.0,119000
6.0,2001.0,3.0,5.0,804.0,1961.0,2.0,4.0,2.0,30.0,215000
5.0,1959.0,3.0,0.0,0.0,882.0,1.0,3.0,1.0,35.0,106500
4.0,1941.0,3.0,3.0,788.0,788.0,1.0,3.0,0.0,20.0,100000
5.0,1940.0,3.0,3.0,735.0,1034.0,1.0,3.0,1.0,30.0,109000
5.0,1956.0,3.0,3.0,1144.0,1144.0,1.0,3.0,1.0,30.0,129000
5.0,1972.0,3.0,3.0,894.0,894.0,1.0,3.0,2.0,25.0,123000
5.0,1962.0,3.0,3.0,864.0,1812.0,2.0,3.0,1.0,25.0,169500
5.0,1920.0,3.0,2.0,961.0,1077.0,1.0,3.0,1.0,10.0,67000
7.0,2006.0,4.0,4.0,1092.0,1550.0,2.0,4.0,2.0,35.0,241000
8.0,1996.0,4.0,4.0,1260.0,1288.0,1.0,5.0,2.0,40.0,245500
7.0,2005.0,4.0,4.0,1310.0,1310.0,2.0,4.0,2.0,35.0,164990
5.0,1940.0,3.0,3.0,672.0,672.0,1.0,3.0,1.0,40.0,108000
8.0,1998.0,4.0,4.0,1141.0,2263.0,2.0,4.0,2.0,40.0,258000
6.0,1995.0,3.0,4.0,806.0,1572.0,2.0,3.0,2.0,30.0,168000
4.0,1976.0,3.0,3.0,1281.0,1620.0,2.0,3.0,2.0,16.0,150000
6.0,1936.0,3.0,3.0,1064.0,1639.0,1.0,3.0,1.0,30.0,115000
6.0,1915.0,3.0,4.0,840.0,1680.0,2.0,3.0,1.0,42.0,177000
7.0,2006.0,4.0,5.0,1063.0,2172.0,2.0,4.0,3.0,35.0,280000
8.0,2007.0,4.0,5.0,1034.0,2078.0,2.0,5.0,3.0,40.0,339750
5.0,1958.0,3.0,3.0,1276.0,1276.0,1.0,3.0,1.0,15.0,60000
5.0,1955.0,3.0,3.0,1056.0,1056.0,1.0,3.0,2.0,25.0,145000
7.0,2009.0,5.0,5.0,1470.0,1478.0,2.0,4.0,2.0,35.0,222000
5.0,1927.0,3.0,3.0,1008.0,1028.0,1.0,3.0,2.0,30.0,115000
7.0,1993.0,4.0,4.0,1080.0,2097.0,2.0,4.0,3.0,35.0,228000
7.0,2007.0,4.0,4.0,1340.0,1340.0,2.0,4.0,2.0,35.0,181134
6.0,1978.0,3.0,3.0,672.0,1400.0,1.0,3.0,2.0,42.0,149500
6.0,1918.0,3.0,4.0,1370.0,2624.0,2.0,3.0,3.0,36.0,239000
5.0,1940.0,3.0,3.0,756.0,1134.0,1.0,3.0,1.0,30.0,126000
5.0,1968.0,3.0,3.0,1056.0,1056.0,1.0,3.0,1.0,30.0,142000
7.0,1997.0,3.0,4.0,1344.0,1344.0,2.0,3.0,4.0,35.0,206300
6.0,1977.0,4.0,4.0,1602.0,1602.0,2.0,4.0,2.0,42.0,215000
5.0,1954.0,3.0,3.0,988.0,988.0,1.0,3.0,2.0,25.0,113000
8.0,1998.0,4.0,4.0,1470.0,2630.0,2.0,4.0,3.0,40.0,315000
6.0,1956.0,3.0,4.0,1196.0,1196.0,1.0,3.0,1.0,30.0,139000
7.0,1946.0,3.0,3.0,651.0,1389.0,1.0,3.0,1.0,56.0,135000
7.0,1989.0,4.0,4.0,1518.0,1644.0,2.0,4.0,2.0,35.0,275000
4.0,1957.0,3.0,3.0,907.0,907.0,1.0,3.0,1.0,24.0,109008
7.0,2007.0,4.0,4.0,1208.0,1208.0,2.0,4.0,2.0,35.0,195400
6.0,1988.0,3.0,4.0,1392.0,1412.0,2.0,4.0,2.0,30.0,175000
6.0,1971.0,3.0,3.0,483.0,987.0,1.0,3.0,1.0,30.0,85400
6.0,1920.0,3.0,3.0,901.0,1198.0,1.0,3.0,0.0,42.0,79900
5.0,1971.0,3.0,3.0,765.0,1365.0,1.0,3.0,2.0,25.0,122500
6.0,1997.0,3.0,4.0,926.0,1604.0,2.0,3.0,2.0,30.0,181000
4.0,1972.0,3.0,4.0,630.0,630.0,1.0,3.0,0.0,28.0,81000
7.0,1996.0,4.0,4.0,799.0,1661.0,2.0,4.0,2.0,42.0,212000
6.0,1920.0,3.0,2.0,648.0,1118.0,1.0,3.0,2.0,48.0,116000
6.0,1926.0,4.0,3.0,884.0,904.0,1.0,3.0,1.0,42.0,119000
5.0,1913.0,3.0,3.0,440.0,694.0,1.0,4.0,1.0,30.0,90350
6.0,1920.0,3.0,3.0,684.0,1196.0,1.0,4.0,2.0,48.0,110000
10.0,2008.0,5.0,5.0,3094.0,2402.0,2.0,5.0,3.0,50.0,555000
4.0,1955.0,3.0,3.0,1440.0,1440.0,2.0,2.0,0.0,16.0,118000
5.0,1930.0,3.0,3.0,1078.0,1573.0,2.0,3.0,2.0,35.0,162900
7.0,2006.0,4.0,5.0,1258.0,1258.0,2.0,4.0,3.0,35.0,172500
7.0,1994.0,4.0,4.0,915.0,1908.0,2.0,4.0,2.0,35.0,210000
6.0,1956.0,3.0,3.0,1436.0,1689.0,1.0,3.0,2.0,30.0,127500
6.0,1966.0,4.0,3.0,1517.0,1888.0,2.0,4.0,2.0,36.0,190000
7.0,1998.0,4.0,4.0,930.0,1886.0,2.0,4.0,2.0,35.0,199900
6.0,1937.0,3.0,3.0,780.0,1376.0,2.0,3.0,1.0,36.0,119500
3.0,1948.0,3.0,3.0,649.0,1183.0,1.0,3.0,1.0,21.0,120000
6.0,1930.0,3.0,3.0,813.0,813.0,1.0,4.0,1.0,48.0,110000
7.0,1975.0,3.0,4.0,1533.0,1533.0,2.0,4.0,2.0,35.0,280000
6.0,1996.0,4.0,5.0,872.0,1756.0,2.0,3.0,2.0,30.0,204000
8.0,2008.0,4.0,4.0,768.0,1590.0,2.0,4.0,2.0,40.0,210000
5.0,1976.0,3.0,3.0,1728.0,1728.0,2.0,3.0,2.0,25.0,188000
7.0,1973.0,3.0,3.0,1242.0,1242.0,1.0,3.0,2.0,42.0,175500
5.0,1916.0,3.0,3.0,624.0,1344.0,1.0,3.0,3.0,25.0,98000
4.0,1954.0,3.0,4.0,1364.0,1663.0,1.0,4.0,2.0,24.0,256000
8.0,1925.0,3.0,3.0,588.0,1666.0,1.0,4.0,1.0,56.0,161000
5.0,1950.0,3.0,3.0,709.0,1203.0,1.0,4.0,1.0,20.0,110000
8.0,2009.0,4.0,4.0,832.0,1935.0,2.0,3.0,2.0,40.0,263435
7.0,1936.0,4.0,4.0,560.0,1135.0,1.0,4.0,2.0,63.0,155000
5.0,1965.0,3.0,3.0,864.0,864.0,1.0,3.0,1.0,25.0,62383
6.0,1934.0,3.0,3.0,715.0,1660.0,1.0,3.0,1.0,42.0,188700
5.0,1978.0,3.0,4.0,1040.0,1040.0,2.0,3.0,0.0,25.0,124000
7.0,2004.0,4.0,4.0,1375.0,1414.0,2.0,4.0,2.0,35.0,178740
7.0,1970.0,3.0,3.0,1277.0,1277.0,1.0,3.0,2.0,35.0,167000
5.0,1942.0,3.0,3.0,728.0,1644.0,1.0,4.0,1.0,35.0,146500
8.0,2006.0,4.0,4.0,1626.0,1634.0,2.0,4.0,3.0,40.0,250000
6.0,1993.0,4.0,4.0,832.0,1710.0,2.0,4.0,2.0,30.0,187000
8.0,1985.0,4.0,4.0,1488.0,1502.0,1.0,4.0,2.0,40.0,212000
7.0,1977.0,3.0,4.0,808.0,1969.0,2.0,3.0,2.0,42.0,190000
6.0,2005.0,3.0,4.0,547.0,1072.0,1.0,3.0,2.0,30.0,148000
8.0,2006.0,4.0,5.0,1976.0,1976.0,2.0,4.0,3.0,40.0,440000
8.0,2000.0,4.0,4.0,1494.0,1652.0,2.0,5.0,2.0,40.0,251000
5.0,1963.0,3.0,3.0,970.0,970.0,1.0,3.0,2.0,30.0,132500
6.0,1997.0,3.0,4.0,1478.0,1493.0,2.0,4.0,2.0,30.0,208900
9.0,2006.0,5.0,4.0,2153.0,2643.0,2.0,5.0,3.0,45.0,380000
8.0,2007.0,4.0,5.0,1705.0,1718.0,2.0,4.0,3.0,40.0,297000
4.0,1937.0,3.0,2.0,907.0,1131.0,1.0,3.0,2.0,28.0,89471
9.0,2004.0,4.0,5.0,1833.0,1850.0,2.0,4.0,3.0,45.0,326000
9.0,2003.0,4.0,5.0,1792.0,1792.0,2.0,5.0,3.0,45.0,374000
7.0,1915.0,4.0,3.0,910.0,1826.0,1.0,5.0,1.0,56.0,155000
6.0,1998.0,3.0,5.0,1216.0,1216.0,2.0,3.0,2.0,30.0,164000
5.0,1962.0,3.0,3.0,999.0,999.0,1.0,4.0,1.0,35.0,132500
5.0,1950.0,4.0,3.0,1113.0,1113.0,1.0,4.0,1.0,35.0,147000
5.0,1965.0,3.0,3.0,1073.0,1073.0,1.0,3.0,2.0,35.0,156000
5.0,1971.0,3.0,4.0,1484.0,1484.0,2.0,3.0,2.0,30.0,175000
5.0,1900.0,3.0,3.0,954.0,2414.0,2.0,3.0,2.0,20.0,160000
4.0,1970.0,3.0,4.0,630.0,630.0,1.0,4.0,1.0,32.0,86000
5.0,1976.0,3.0,4.0,264.0,1304.0,1.0,3.0,1.0,30.0,115000
6.0,1941.0,3.0,3.0,806.0,1578.0,1.0,2.0,1.0,42.0,133000
6.0,2006.0,4.0,4.0,728.0,1456.0,2.0,3.0,2.0,30.0,172785
5.0,1960.0,3.0,3.0,1269.0,1269.0,1.0,3.0,1.0,30.0,155000
5.0,1938.0,3.0,2.0,190.0,886.0,1.0,3.0,1.0,40.0,91300
4.0,1920.0,3.0,3.0,720.0,720.0,1.0,3.0,0.0,20.0,34900
8.0,1992.0,4.0,4.0,3200.0,3228.0,3.0,4.0,2.0,40.0,430000
7.0,1925.0,3.0,3.0,1026.0,1820.0,2.0,3.0,1.0,42.0,184000
5.0,1967.0,3.0,3.0,864.0,899.0,1.0,4.0,1.0,35.0,130000
5.0,1958.0,3.0,3.0,912.0,912.0,1.0,3.0,1.0,35.0,120000
6.0,1973.0,3.0,3.0,672.0,1218.0,1.0,3.0,1.0,30.0,113000
7.0,2005.0,4.0,4.0,866.0,1768.0,2.0,4.0,2.0,35.0,226700
5.0,1965.0,3.0,3.0,1214.0,1214.0,1.0,3.0,2.0,35.0,140000
7.0,1959.0,3.0,3.0,1501.0,1801.0,2.0,3.0,2.0,56.0,289000
6.0,1974.0,3.0,3.0,855.0,1322.0,2.0,3.0,2.0,30.0,147000
5.0,1952.0,3.0,3.0,960.0,1960.0,2.0,3.0,2.0,25.0,124500
8.0,1993.0,4.0,4.0,777.0,1911.0,2.0,4.0,2.0,40.0,215000
6.0,2009.0,4.0,4.0,1218.0,1218.0,2.0,4.0,2.0,30.0,208300
7.0,1928.0,3.0,3.0,689.0,1378.0,2.0,4.0,2.0,63.0,161000
5.0,1959.0,3.0,3.0,1041.0,1041.0,1.0,3.0,1.0,30.0,124500
5.0,1951.0,4.0,3.0,1008.0,1363.0,1.0,3.0,1.0,35.0,164900
7.0,2005.0,4.0,4.0,1368.0,1368.0,2.0,4.0,2.0,35.0,202665
5.0,1958.0,3.0,3.0,864.0,864.0,1.0,3.0,2.0,25.0,129900
6.0,1983.0,3.0,3.0,1084.0,1080.0,1.0,3.0,2.0,30.0,134000
5.0,1926.0,3.0,3.0,768.0,789.0,1.0,3.0,1.0,25.0,96500
10.0,2009.0,5.0,5.0,2006.0,2020.0,2.0,5.0,3.0,50.0,402861
6.0,1972.0,3.0,3.0,689.0,2119.0,2.0,3.0,2.0,36.0,158000
7.0,1996.0,4.0,4.0,1264.0,2344.0,2.0,4.0,3.0,35.0,265000
6.0,1998.0,3.0,4.0,794.0,1796.0,2.0,3.0,2.0,30.0,211000
7.0,1926.0,4.0,4.0,1276.0,2080.0,1.0,4.0,1.0,63.0,234000
4.0,1900.0,3.0,0.0,0.0,1294.0,2.0,3.0,0.0,28.0,106250
6.0,1957.0,3.0,3.0,1244.0,1244.0,1.0,3.0,1.0,36.0,150000
6.0,1947.0,3.0,3.0,1004.0,1664.0,2.0,3.0,2.0,42.0,159000
7.0,1996.0,4.0,4.0,1379.0,2398.0,2.0,4.0,3.0,35.0,315750
7.0,2005.0,4.0,4.0,1257.0,1266.0,2.0,4.0,2.0,35.0,176000
5.0,1956.0,3.0,4.0,928.0,928.0,1.0,3.0,1.0,35.0,132000
9.0,2008.0,5.0,5.0,1452.0,2713.0,2.0,5.0,3.0,45.0,446261
4.0,1920.0,3.0,3.0,528.0,605.0,1.0,3.0,0.0,28.0,86000
6.0,1957.0,4.0,3.0,2035.0,2515.0,3.0,3.0,2.0,18.0,200624
6.0,1988.0,4.0,4.0,1461.0,1509.0,2.0,4.0,2.0,30.0,175000
6.0,1920.0,3.0,2.0,611.0,1362.0,2.0,3.0,2.0,48.0,128000
5.0,1955.0,3.0,0.0,0.0,827.0,1.0,3.0,1.0,35.0,107500
1.0,1946.0,2.0,0.0,0.0,334.0,1.0,2.0,0.0,3.0,39300
8.0,2004.0,4.0,5.0,707.0,1414.0,2.0,4.0,2.0,40.0,178000
5.0,1910.0,3.0,4.0,1117.0,1347.0,1.0,3.0,0.0,35.0,107500
7.0,1998.0,3.0,4.0,880.0,1724.0,2.0,4.0,2.0,35.0,188000
4.0,1972.0,3.0,3.0,864.0,864.0,1.0,3.0,2.0,20.0,111250
5.0,1968.0,3.0,3.0,1051.0,1159.0,1.0,3.0,1.0,25.0,158000
8.0,2001.0,4.0,4.0,1581.0,1601.0,2.0,4.0,2.0,40.0,272000
9.0,2006.0,5.0,5.0,1838.0,1838.0,2.0,5.0,3.0,45.0,315000
8.0,2000.0,4.0,4.0,969.0,2285.0,2.0,4.0,3.0,40.0,248000
7.0,1998.0,4.0,5.0,1650.0,1680.0,2.0,4.0,2.0,35.0,213250
7.0,1998.0,3.0,4.0,723.0,767.0,1.0,3.0,1.0,35.0,133000
7.0,2006.0,4.0,4.0,654.0,1496.0,2.0,4.0,2.0,35.0,179665
7.0,1988.0,4.0,4.0,1204.0,2183.0,2.0,4.0,3.0,35.0,229000
6.0,1923.0,3.0,4.0,1065.0,1635.0,1.0,3.0,2.0,42.0,210000
5.0,1970.0,3.0,4.0,768.0,768.0,1.0,3.0,2.0,35.0,129500
5.0,1955.0,3.0,3.0,825.0,825.0,1.0,3.0,2.0,35.0,125000
7.0,2003.0,4.0,4.0,912.0,2094.0,2.0,4.0,2.0,35.0,263000
6.0,1977.0,3.0,4.0,1069.0,1069.0,2.0,3.0,2.0,36.0,140000
5.0,1957.0,3.0,3.0,928.0,928.0,1.0,3.0,1.0,30.0,112500
8.0,2006.0,4.0,5.0,1709.0,1717.0,2.0,4.0,3.0,40.0,255500
4.0,1949.0,3.0,0.0,0.0,1126.0,2.0,4.0,2.0,20.0,108000
7.0,2003.0,4.0,4.0,998.0,2046.0,2.0,4.0,3.0,35.0,284000
5.0,1922.0,3.0,3.0,993.0,1048.0,1.0,3.0,1.0,30.0,113000
5.0,1957.0,3.0,3.0,1092.0,1092.0,1.0,3.0,1.0,25.0,141000
4.0,1920.0,3.0,3.0,637.0,1336.0,1.0,3.0,1.0,24.0,108000
7.0,1996.0,3.0,4.0,729.0,1446.0,2.0,3.0,2.0,35.0,175000
7.0,2003.0,4.0,4.0,1374.0,1557.0,2.0,4.0,2.0,35.0,234000
5.0,1957.0,3.0,4.0,1392.0,1392.0,1.0,3.0,2.0,30.0,121500
5.0,1974.0,3.0,4.0,1389.0,1389.0,1.0,3.0,2.0,25.0,170000
5.0,1940.0,3.0,3.0,996.0,996.0,1.0,3.0,0.0,30.0,108000
6.0,1918.0,3.0,4.0,1163.0,1674.0,2.0,3.0,2.0,42.0,185000
7.0,1992.0,4.0,4.0,1095.0,2295.0,2.0,4.0,2.0,35.0,268000
6.0,1915.0,3.0,4.0,806.0,1647.0,1.0,2.0,1.0,24.0,128000
9.0,2005.0,4.0,4.0,1122.0,2504.0,2.0,5.0,3.0,45.0,325000
7.0,2004.0,4.0,4.0,1517.0,1535.0,2.0,4.0,2.0,35.0,214000
8.0,1983.0,4.0,4.0,1496.0,2132.0,1.0,4.0,2.0,64.0,316600
5.0,1979.0,3.0,4.0,943.0,943.0,1.0,3.0,2.0,25.0,135960
5.0,1965.0,3.0,3.0,1728.0,1728.0,2.0,3.0,2.0,25.0,142600
6.0,1959.0,3.0,3.0,864.0,864.0,1.0,4.0,1.0,36.0,120000
7.0,2009.0,3.0,5.0,846.0,1692.0,2.0,4.0,2.0,35.0,224500
7.0,2000.0,3.0,4.0,384.0,1430.0,2.0,3.0,2.0,35.0,170000
5.0,1971.0,3.0,3.0,372.0,1109.0,1.0,3.0,1.0,35.0,139000
5.0,1947.0,3.0,3.0,832.0,1216.0,1.0,3.0,1.0,25.0,118500
7.0,1928.0,3.0,3.0,861.0,1477.0,2.0,3.0,1.0,49.0,145000
5.0,1966.0,3.0,3.0,1164.0,1320.0,1.0,3.0,2.0,30.0,164500
7.0,2007.0,4.0,4.0,689.0,1392.0,2.0,4.0,2.0,35.0,146000
5.0,1954.0,3.0,3.0,1050.0,1795.0,2.0,3.0,1.0,25.0,131500
6.0,1960.0,3.0,3.0,1144.0,1429.0,1.0,4.0,2.0,36.0,181900
8.0,2008.0,5.0,5.0,2042.0,2042.0,2.0,5.0,3.0,40.0,253293
6.0,1990.0,3.0,4.0,816.0,816.0,1.0,3.0,0.0,30.0,118500
10.0,1893.0,5.0,3.0,1237.0,2775.0,3.0,4.0,2.0,90.0,325000
4.0,1935.0,3.0,3.0,884.0,1573.0,1.0,4.0,1.0,28.0,133000
8.0,2005.0,4.0,5.0,1868.0,2028.0,2.0,4.0,3.0,40.0,369900
6.0,1918.0,3.0,3.0,816.0,838.0,1.0,2.0,1.0,42.0,130000
5.0,1982.0,3.0,3.0,840.0,860.0,1.0,3.0,2.0,30.0,137000
5.0,1968.0,3.0,3.0,1437.0,1473.0,1.0,5.0,1.0,40.0,143000
5.0,1930.0,3.0,3.0,742.0,935.0,1.0,3.0,1.0,30.0,79500
7.0,2004.0,4.0,4.0,770.0,1582.0,2.0,4.0,2.0,35.0,185900
10.0,2008.0,5.0,5.0,1722.0,2296.0,2.0,5.0,3.0,50.0,451950
5.0,1982.0,3.0,3.0,816.0,816.0,1.0,3.0,2.0,40.0,138000
6.0,2003.0,4.0,4.0,848.0,848.0,1.0,4.0,2.0,30.0,140000
5.0,1975.0,3.0,4.0,924.0,924.0,1.0,3.0,1.0,30.0,110000
8.0,2005.0,4.0,4.0,1814.0,1826.0,2.0,4.0,3.0,40.0,319000
6.0,1910.0,3.0,3.0,684.0,1368.0,1.0,3.0,1.0,42.0,114504
7.0,2006.0,4.0,5.0,1258.0,1402.0,0.0,4.0,3.0,35.0,194201
5.0,1977.0,3.0,4.0,1430.0,1647.0,2.0,4.0,2.0,30.0,217500
6.0,1980.0,3.0,4.0,716.0,1556.0,2.0,3.0,2.0,36.0,151000
8.0,2005.0,4.0,4.0,1058.0,1904.0,2.0,5.0,2.0,40.0,275000
6.0,1937.0,3.0,3.0,780.0,1375.0,1.0,4.0,1.0,36.0,141000
8.0,1992.0,4.0,4.0,908.0,1915.0,2.0,4.0,2.0,40.0,220000
7.0,2004.0,4.0,4.0,600.0,1200.0,2.0,4.0,2.0,35.0,151000
7.0,2002.0,4.0,4.0,1494.0,1494.0,2.0,4.0,2.0,35.0,221000
7.0,1965.0,3.0,3.0,768.0,1986.0,2.0,3.0,2.0,42.0,205000
5.0,1996.0,3.0,4.0,1040.0,1040.0,1.0,4.0,2.0,25.0,152000
5.0,1948.0,3.0,3.0,896.0,2008.0,3.0,5.0,1.0,40.0,225000
8.0,1934.0,3.0,4.0,965.0,3194.0,2.0,3.0,2.0,48.0,359100
4.0,1961.0,3.0,3.0,1029.0,1029.0,1.0,3.0,1.0,20.0,118500
9.0,2000.0,4.0,5.0,1440.0,2153.0,2.0,5.0,3.0,45.0,313000
6.0,1978.0,3.0,4.0,1032.0,1032.0,2.0,3.0,2.0,36.0,148000
8.0,2001.0,4.0,4.0,1299.0,1872.0,2.0,5.0,2.0,40.0,261500
5.0,2007.0,3.0,4.0,1120.0,1120.0,1.0,3.0,0.0,25.0,147000
4.0,1972.0,3.0,4.0,630.0,630.0,1.0,3.0,0.0,24.0,75500
6.0,1963.0,3.0,3.0,936.0,1054.0,1.0,4.0,2.0,42.0,137500
6.0,2002.0,4.0,4.0,783.0,1509.0,2.0,4.0,2.0,30.0,183200
6.0,1954.0,3.0,3.0,832.0,832.0,1.0,4.0,2.0,36.0,105500
9.0,2007.0,5.0,5.0,1822.0,1828.0,2.0,4.0,3.0,45.0,314813
8.0,2003.0,4.0,4.0,1482.0,2262.0,2.0,4.0,3.0,40.0,305000
3.0,1914.0,3.0,3.0,864.0,864.0,1.0,3.0,0.0,9.0,67000
6.0,1974.0,3.0,3.0,1522.0,2614.0,2.0,3.0,2.0,42.0,240000
5.0,1977.0,3.0,3.0,980.0,980.0,1.0,3.0,2.0,30.0,135000
6.0,2000.0,4.0,4.0,756.0,1512.0,2.0,4.0,2.0,30.0,168500
6.0,1972.0,3.0,3.0,732.0,1790.0,1.0,3.0,2.0,30.0,165150
6.0,1962.0,3.0,3.0,1116.0,1116.0,1.0,3.0,2.0,36.0,160000
5.0,1960.0,3.0,3.0,978.0,1422.0,1.0,3.0,1.0,25.0,139900
6.0,1955.0,3.0,3.0,1156.0,1520.0,1.0,3.0,1.0,36.0,153000
5.0,1969.0,3.0,4.0,1040.0,2080.0,1.0,2.0,2.0,25.0,135000
6.0,1964.0,3.0,3.0,1248.0,1350.0,1.0,3.0,2.0,30.0,168500
5.0,1880.0,3.0,2.0,636.0,1750.0,1.0,5.0,1.0,30.0,124000
8.0,2006.0,4.0,4.0,1554.0,1554.0,2.0,4.0,2.0,40.0,209500
7.0,1977.0,3.0,3.0,1386.0,1411.0,2.0,3.0,2.0,35.0,82500
5.0,1954.0,3.0,3.0,1056.0,1056.0,1.0,3.0,1.0,35.0,139400
6.0,1980.0,3.0,3.0,1056.0,1056.0,0.0,3.0,2.0,30.0,144000
6.0,1914.0,2.0,3.0,1440.0,3395.0,2.0,2.0,0.0,42.0,200000
2.0,1936.0,2.0,3.0,264.0,800.0,1.0,2.0,0.0,6.0,60000
5.0,1954.0,3.0,3.0,811.0,1387.0,2.0,4.0,1.0,20.0,93000
5.0,1910.0,3.0,2.0,796.0,796.0,1.0,3.0,0.0,35.0,85000
8.0,2006.0,4.0,4.0,1520.0,1567.0,2.0,5.0,3.0,40.0,264561
8.0,2003.0,5.0,5.0,1518.0,1518.0,1.0,5.0,2.0,40.0,274000
7.0,2001.0,4.0,4.0,1057.0,1929.0,2.0,4.0,2.0,35.0,226000
8.0,1972.0,4.0,4.0,1952.0,2704.0,2.0,5.0,2.0,56.0,345000
5.0,1969.0,3.0,3.0,780.0,1620.0,2.0,3.0,2.0,25.0,152000
9.0,2009.0,5.0,5.0,1766.0,1766.0,2.0,5.0,3.0,45.0,370878
6.0,1971.0,3.0,3.0,981.0,981.0,1.0,3.0,2.0,30.0,143250
5.0,1950.0,3.0,0.0,0.0,1048.0,1.0,3.0,2.0,25.0,98300
6.0,1953.0,3.0,3.0,1094.0,1094.0,1.0,3.0,2.0,30.0,155000
6.0,1966.0,3.0,3.0,756.0,1839.0,1.0,3.0,2.0,30.0,155000
4.0,1970.0,3.0,4.0,630.0,630.0,1.0,3.0,0.0,24.0,84500
7.0,2007.0,4.0,4.0,813.0,1665.0,2.0,4.0,2.0,42.0,205950
4.0,1940.0,3.0,3.0,755.0,1510.0,1.0,3.0,1.0,20.0,108000
7.0,1996.0,4.0,4.0,880.0,1716.0,2.0,4.0,2.0,35.0,191000
6.0,1906.0,3.0,3.0,756.0,1469.0,1.0,3.0,1.0,42.0,135000
8.0,1995.0,4.0,4.0,2109.0,2113.0,2.0,4.0,3.0,48.0,350000
6.0,1971.0,3.0,3.0,525.0,1092.0,1.0,3.0,1.0,30.0,88000
5.0,1959.0,4.0,3.0,1053.0,1053.0,1.0,4.0,1.0,35.0,145500
7.0,1931.0,3.0,4.0,776.0,1502.0,1.0,3.0,1.0,42.0,149000
6.0,1948.0,3.0,3.0,912.0,1458.0,1.0,3.0,1.0,30.0,97500
5.0,1964.0,3.0,3.0,1486.0,1486.0,1.0,3.0,2.0,35.0,167000
7.0,1976.0,3.0,4.0,793.0,1935.0,2.0,3.0,2.0,49.0,197900
8.0,1994.0,4.0,4.0,1629.0,2448.0,2.0,4.0,3.0,56.0,402000
6.0,1968.0,3.0,2.0,1392.0,1392.0,1.0,3.0,2.0,18.0,110000
4.0,1972.0,3.0,4.0,1138.0,1181.0,2.0,3.0,2.0,20.0,137500
8.0,2005.0,4.0,5.0,2077.0,2097.0,1.0,5.0,3.0,40.0,423000
8.0,2000.0,4.0,4.0,1406.0,1936.0,2.0,4.0,2.0,40.0,230500
6.0,1965.0,3.0,4.0,1021.0,2380.0,2.0,3.0,2.0,30.0,129000
6.0,1994.0,3.0,4.0,1408.0,1679.0,2.0,4.0,2.0,30.0,193500
5.0,1956.0,3.0,3.0,1188.0,1437.0,1.0,3.0,2.0,30.0,168000
4.0,1922.0,3.0,2.0,700.0,1180.0,1.0,2.0,1.0,20.0,137500
6.0,2005.0,4.0,4.0,738.0,1476.0,2.0,4.0,2.0,30.0,173500
6.0,1925.0,3.0,3.0,672.0,1369.0,2.0,3.0,1.0,36.0,103600
6.0,1977.0,4.0,4.0,1208.0,1208.0,1.0,3.0,2.0,36.0,165000
6.0,1957.0,3.0,3.0,1477.0,1839.0,2.0,4.0,2.0,42.0,257500
6.0,1965.0,3.0,3.0,1136.0,1136.0,1.0,3.0,1.0,36.0,140000
6.0,1978.0,3.0,3.0,855.0,1441.0,2.0,3.0,2.0,36.0,148500
4.0,1900.0,3.0,3.0,1095.0,1774.0,2.0,3.0,3.0,8.0,87000
5.0,1924.0,4.0,3.0,768.0,792.0,1.0,4.0,1.0,40.0,109500
8.0,2008.0,4.0,5.0,2046.0,2046.0,2.0,4.0,3.0,40.0,372500
5.0,1961.0,3.0,3.0,988.0,988.0,1.0,3.0,2.0,25.0,128500
6.0,1980.0,3.0,4.0,923.0,923.0,2.0,3.0,1.0,30.0,143000
5.0,1932.0,3.0,3.0,793.0,1520.0,1.0,3.0,1.0,25.0,159434
6.0,1996.0,3.0,4.0,1291.0,1291.0,1.0,4.0,2.0,30.0,173000
9.0,2002.0,4.0,4.0,1626.0,1668.0,2.0,4.0,3.0,45.0,285000
7.0,1998.0,4.0,4.0,1195.0,1839.0,2.0,3.0,2.0,35.0,221000
7.0,1984.0,4.0,4.0,1190.0,2090.0,2.0,4.0,2.0,35.0,207500
7.0,2007.0,4.0,4.0,874.0,1761.0,3.0,4.0,2.0,42.0,227875
7.0,2004.0,4.0,4.0,551.0,1102.0,2.0,4.0,2.0,35.0,148800
8.0,2007.0,4.0,4.0,1419.0,1419.0,2.0,4.0,2.0,48.0,392000
6.0,2005.0,4.0,4.0,1362.0,1362.0,2.0,4.0,2.0,30.0,194700
6.0,2004.0,4.0,4.0,848.0,848.0,1.0,4.0,2.0,30.0,141000
10.0,1994.0,5.0,5.0,2444.0,4316.0,3.0,5.0,3.0,60.0,755000
7.0,1989.0,4.0,4.0,1210.0,2519.0,2.0,4.0,2.0,35.0,335000
5.0,1921.0,3.0,3.0,1073.0,1073.0,1.0,3.0,1.0,30.0,108480
5.0,1936.0,3.0,3.0,927.0,1539.0,1.0,3.0,2.0,30.0,141500
6.0,1987.0,3.0,4.0,1112.0,1137.0,2.0,4.0,2.0,36.0,176000
5.0,1921.0,3.0,3.0,616.0,616.0,1.0,3.0,1.0,35.0,89000
5.0,1952.0,3.0,5.0,980.0,1148.0,1.0,3.0,1.0,35.0,123500
5.0,1965.0,3.0,3.0,894.0,894.0,1.0,3.0,1.0,40.0,138500
7.0,2004.0,4.0,4.0,1391.0,1391.0,2.0,4.0,2.0,35.0,196000
8.0,2002.0,4.0,5.0,1800.0,1800.0,2.0,4.0,3.0,40.0,312500
7.0,1969.0,3.0,3.0,1164.0,1164.0,1.0,3.0,2.0,35.0,140000
8.0,2006.0,5.0,5.0,1234.0,2576.0,2.0,5.0,3.0,40.0,361919
5.0,1900.0,3.0,4.0,360.0,1812.0,2.0,4.0,2.0,45.0,140000
7.0,2004.0,4.0,4.0,1473.0,1484.0,2.0,4.0,2.0,35.0,213000
4.0,1930.0,2.0,0.0,0.0,1092.0,2.0,2.0,0.0,20.0,55000
7.0,1971.0,3.0,4.0,1643.0,1824.0,2.0,4.0,2.0,35.0,302000
8.0,2006.0,4.0,4.0,1324.0,1324.0,2.0,4.0,2.0,40.0,254000
7.0,2007.0,4.0,4.0,728.0,1456.0,2.0,4.0,2.0,35.0,179540
5.0,1966.0,3.0,3.0,876.0,904.0,1.0,3.0,1.0,35.0,109900
3.0,1935.0,4.0,3.0,270.0,729.0,1.0,3.0,0.0,18.0,52000
4.0,1900.0,3.0,3.0,859.0,1178.0,1.0,3.0,1.0,28.0,102776
8.0,1988.0,4.0,4.0,1228.0,1228.0,2.0,4.0,2.0,40.0,189000
4.0,1970.0,3.0,3.0,960.0,960.0,1.0,3.0,2.0,20.0,129000
6.0,1976.0,4.0,3.0,725.0,1479.0,2.0,4.0,2.0,48.0,130500
6.0,1974.0,3.0,4.0,1064.0,1350.0,2.0,3.0,2.0,30.0,165000
7.0,1890.0,3.0,3.0,718.0,2554.0,1.0,3.0,2.0,56.0,159500
5.0,1973.0,3.0,4.0,1176.0,1178.0,1.0,4.0,2.0,30.0,157000
7.0,1993.0,4.0,4.0,1311.0,2418.0,2.0,4.0,3.0,35.0,341000
5.0,1969.0,3.0,4.0,971.0,971.0,1.0,3.0,1.0,30.0,128500
8.0,1985.0,4.0,4.0,1742.0,1742.0,2.0,4.0,2.0,40.0,275000
6.0,2004.0,4.0,4.0,848.0,848.0,1.0,4.0,2.0,30.0,143000
4.0,1970.0,3.0,3.0,864.0,864.0,1.0,3.0,2.0,28.0,124500
4.0,1954.0,3.0,3.0,941.0,1470.0,2.0,3.0,1.0,24.0,135000
9.0,2007.0,5.0,5.0,1698.0,1698.0,2.0,5.0,3.0,45.0,320000
4.0,1970.0,3.0,3.0,864.0,864.0,1.0,4.0,2.0,24.0,120500
6.0,1988.0,4.0,4.0,880.0,1680.0,2.0,4.0,2.0,54.0,222000
7.0,2007.0,4.0,4.0,1232.0,1232.0,2.0,4.0,2.0,35.0,194500
5.0,1958.0,3.0,3.0,1584.0,1776.0,2.0,3.0,3.0,25.0,110000
4.0,1925.0,3.0,3.0,780.0,1208.0,1.0,3.0,2.0,20.0,103000
8.0,1995.0,4.0,4.0,1595.0,1616.0,2.0,4.0,2.0,40.0,236500
7.0,2003.0,4.0,5.0,868.0,1146.0,2.0,4.0,2.0,35.0,187500
7.0,1998.0,4.0,4.0,1153.0,2031.0,2.0,4.0,2.0,35.0,222500
5.0,1961.0,3.0,3.0,864.0,1144.0,1.0,3.0,1.0,30.0,131400
5.0,1968.0,3.0,3.0,948.0,948.0,1.0,3.0,1.0,25.0,108000
7.0,1914.0,3.0,4.0,880.0,1768.0,1.0,3.0,2.0,49.0,163000
3.0,1950.0,3.0,0.0,0.0,1040.0,2.0,3.0,2.0,12.0,93500
8.0,2005.0,4.0,4.0,893.0,1801.0,2.0,4.0,3.0,40.0,239900
5.0,1987.0,3.0,4.0,1200.0,1200.0,3.0,3.0,0.0,25.0,179000
7.0,2004.0,4.0,4.0,864.0,1728.0,2.0,4.0,2.0,35.0,190000
5.0,1910.0,3.0,2.0,264.0,1432.0,2.0,3.0,2.0,35.0,132000
6.0,1961.0,3.0,3.0,912.0,912.0,1.0,4.0,1.0,48.0,142000
7.0,2000.0,3.0,4.0,1349.0,1349.0,2.0,3.0,2.0,35.0,179000
5.0,1963.0,3.0,4.0,520.0,1464.0,2.0,3.0,2.0,30.0,175000
8.0,1993.0,4.0,4.0,1337.0,1337.0,2.0,4.0,2.0,40.0,180000
8.0,1976.0,5.0,3.0,1142.0,2715.0,3.0,4.0,2.0,72.0,299800
7.0,2000.0,4.0,4.0,952.0,2256.0,2.0,4.0,2.0,35.0,236000
7.0,1880.0,4.0,3.0,1240.0,2640.0,1.0,4.0,4.0,49.0,265979
7.0,1996.0,4.0,4.0,1720.0,1720.0,2.0,4.0,2.0,35.0,260400
4.0,1945.0,3.0,0.0,0.0,1529.0,2.0,3.0,1.0,12.0,98000
4.0,1910.0,3.0,3.0,576.0,1140.0,1.0,3.0,0.0,28.0,96500
7.0,2003.0,4.0,4.0,660.0,1320.0,2.0,4.0,2.0,35.0,162000
6.0,1997.0,3.0,4.0,1479.0,1494.0,2.0,4.0,2.0,30.0,217000
8.0,2005.0,4.0,4.0,1030.0,2098.0,2.0,5.0,3.0,40.0,275500
6.0,1969.0,3.0,3.0,1026.0,1026.0,1.0,4.0,2.0,48.0,156000
6.0,1999.0,3.0,4.0,729.0,1471.0,2.0,3.0,2.0,30.0,172500
8.0,2007.0,4.0,4.0,866.0,1768.0,2.0,4.0,2.0,40.0,212000
6.0,1978.0,3.0,3.0,672.0,1386.0,2.0,3.0,2.0,30.0,158900
7.0,1999.0,3.0,4.0,744.0,1501.0,2.0,3.0,2.0,35.0,179400
8.0,1995.0,4.0,4.0,1318.0,2531.0,2.0,4.0,3.0,40.0,290000
6.0,1959.0,3.0,3.0,864.0,864.0,1.0,3.0,1.0,36.0,127500
5.0,1924.0,3.0,3.0,1145.0,1301.0,1.0,2.0,2.0,25.0,100000
7.0,2009.0,3.0,4.0,756.0,1547.0,2.0,4.0,2.0,35.0,215200
8.0,1999.0,4.0,4.0,1252.0,2365.0,2.0,4.0,3.0,40.0,337000
8.0,1995.0,4.0,4.0,1494.0,1494.0,1.0,5.0,2.0,40.0,270000
9.0,2008.0,4.0,4.0,1498.0,1506.0,2.0,5.0,2.0,45.0,264132
7.0,1988.0,3.0,4.0,980.0,1714.0,2.0,3.0,2.0,35.0,196500
6.0,1940.0,3.0,4.0,983.0,1750.0,2.0,3.0,1.0,42.0,160000
7.0,2004.0,4.0,4.0,1860.0,1836.0,2.0,4.0,2.0,35.0,216837
8.0,2003.0,5.0,4.0,1650.0,3279.0,3.0,5.0,3.0,40.0,538000
5.0,1982.0,3.0,4.0,858.0,858.0,1.0,3.0,2.0,25.0,134900
4.0,1951.0,3.0,2.0,836.0,1220.0,1.0,3.0,2.0,20.0,102000
6.0,1976.0,3.0,3.0,1029.0,1117.0,1.0,3.0,2.0,30.0,107000
5.0,1958.0,3.0,3.0,912.0,912.0,1.0,3.0,1.0,25.0,114500
8.0,2006.0,4.0,4.0,1935.0,1973.0,2.0,4.0,3.0,40.0,395000
6.0,1998.0,3.0,5.0,1204.0,1204.0,2.0,3.0,2.0,30.0,162000
7.0,2005.0,4.0,4.0,1614.0,1614.0,2.0,4.0,3.0,35.0,221500
5.0,1974.0,3.0,3.0,864.0,894.0,1.0,3.0,2.0,25.0,142500
5.0,1977.0,3.0,0.0,0.0,2020.0,2.0,3.0,2.0,25.0,144000
6.0,1977.0,3.0,4.0,975.0,1004.0,1.0,3.0,2.0,30.0,135000
7.0,1995.0,3.0,4.0,1237.0,1253.0,2.0,3.0,2.0,35.0,176000
6.0,1992.0,4.0,4.0,761.0,1603.0,2.0,4.0,2.0,30.0,175900
7.0,2001.0,4.0,4.0,1413.0,1430.0,2.0,4.0,2.0,35.0,187100
5.0,1978.0,3.0,4.0,1097.0,1110.0,1.0,4.0,2.0,30.0,165500
6.0,1914.0,3.0,3.0,742.0,1484.0,2.0,3.0,0.0,36.0,128000
6.0,1967.0,3.0,3.0,1372.0,1342.0,2.0,3.0,2.0,30.0,161500
5.0,1915.0,3.0,2.0,686.0,1652.0,2.0,3.0,1.0,30.0,139000
7.0,2004.0,4.0,4.0,956.0,2084.0,2.0,4.0,2.0,35.0,233000
4.0,1954.0,3.0,3.0,901.0,901.0,1.0,3.0,1.0,28.0,107900
6.0,1966.0,3.0,3.0,832.0,2087.0,2.0,4.0,2.0,48.0,187500
7.0,2005.0,4.0,4.0,1145.0,1145.0,2.0,4.0,2.0,35.0,160200
6.0,1976.0,3.0,4.0,1029.0,1062.0,1.0,3.0,2.0,30.0,146800
7.0,1996.0,4.0,4.0,1117.0,2013.0,2.0,3.0,2.0,35.0,269790
8.0,2007.0,4.0,4.0,1496.0,1496.0,2.0,4.0,2.0,40.0,225000
7.0,1994.0,4.0,4.0,712.0,1895.0,2.0,4.0,2.0,35.0,194500
6.0,1980.0,3.0,4.0,650.0,1564.0,2.0,3.0,2.0,36.0,171000
6.0,1977.0,3.0,3.0,660.0,1285.0,1.0,3.0,2.0,30.0,143500
5.0,1953.0,3.0,3.0,773.0,773.0,1.0,3.0,1.0,25.0,110000
9.0,2008.0,5.0,5.0,1926.0,3140.0,3.0,5.0,3.0,45.0,485000
5.0,1937.0,3.0,4.0,731.0,1768.0,1.0,4.0,1.0,35.0,175000
6.0,1997.0,3.0,4.0,616.0,1688.0,2.0,4.0,2.0,30.0,200000
4.0,1916.0,3.0,3.0,1196.0,1196.0,1.0,3.0,2.0,28.0,109900
7.0,2005.0,4.0,4.0,728.0,1456.0,2.0,4.0,2.0,35.0,189000
9.0,2008.0,5.0,5.0,1734.0,2822.0,3.0,5.0,3.0,45.0,582933
5.0,1954.0,3.0,3.0,936.0,1128.0,1.0,3.0,1.0,25.0,118000
7.0,2008.0,4.0,4.0,1417.0,1428.0,2.0,5.0,2.0,35.0,227680
5.0,1967.0,3.0,3.0,980.0,980.0,2.0,3.0,1.0,25.0,135500
5.0,1923.0,3.0,3.0,1324.0,1576.0,1.0,4.0,2.0,30.0,223500
5.0,1966.0,3.0,3.0,1024.0,1086.0,1.0,3.0,2.0,25.0,159950
5.0,1898.0,3.0,3.0,849.0,2138.0,2.0,3.0,2.0,25.0,106000
6.0,1974.0,3.0,3.0,1040.0,1309.0,1.0,4.0,2.0,36.0,181000
6.0,2004.0,4.0,4.0,848.0,848.0,1.0,4.0,2.0,30.0,144500
5.0,1952.0,2.0,3.0,540.0,1044.0,1.0,2.0,2.0,25.0,55993
6.0,1958.0,3.0,3.0,1442.0,1442.0,1.0,3.0,1.0,36.0,157900
5.0,1918.0,3.0,3.0,686.0,1250.0,1.0,2.0,1.0,35.0,116000
7.0,1998.0,3.0,4.0,1649.0,1661.0,2.0,4.0,2.0,35.0,224900
5.0,1954.0,3.0,3.0,1008.0,1008.0,1.0,3.0,1.0,30.0,137000
8.0,2002.0,4.0,4.0,1568.0,1689.0,2.0,4.0,3.0,40.0,271000
6.0,1971.0,3.0,3.0,1010.0,1052.0,1.0,3.0,2.0,42.0,155000
7.0,2009.0,4.0,4.0,1358.0,1358.0,2.0,4.0,2.0,35.0,224000
7.0,2003.0,4.0,4.0,798.0,1640.0,2.0,4.0,2.0,35.0,183000
4.0,1953.0,2.0,2.0,936.0,936.0,1.0,3.0,2.0,16.0,93000
7.0,2003.0,4.0,4.0,847.0,1733.0,2.0,4.0,2.0,35.0,225000
6.0,1940.0,3.0,3.0,778.0,1489.0,2.0,3.0,1.0,42.0,139500
8.0,2006.0,4.0,4.0,1489.0,1489.0,2.0,4.0,2.0,40.0,232600
10.0,2007.0,5.0,5.0,2078.0,2084.0,2.0,5.0,3.0,50.0,385000
5.0,1924.0,3.0,3.0,784.0,784.0,1.0,4.0,0.0,30.0,109500
7.0,2001.0,4.0,4.0,1454.0,1434.0,2.0,4.0,2.0,35.0,189000
5.0,1967.0,3.0,3.0,1013.0,2126.0,2.0,3.0,2.0,25.0,185000
7.0,2005.0,4.0,4.0,600.0,1223.0,2.0,4.0,2.0,35.0,147400
6.0,1957.0,3.0,3.0,1392.0,1392.0,1.0,3.0,2.0,30.0,166000
7.0,2005.0,3.0,4.0,600.0,1200.0,2.0,4.0,2.0,35.0,151000
7.0,2003.0,4.0,4.0,941.0,1829.0,2.0,4.0,2.0,42.0,237000
6.0,1964.0,3.0,3.0,1516.0,1516.0,1.0,3.0,2.0,36.0,167000
5.0,1961.0,3.0,3.0,1144.0,1144.0,1.0,3.0,2.0,30.0,139950
4.0,1950.0,3.0,4.0,1067.0,1067.0,2.0,4.0,2.0,28.0,128000
5.0,1948.0,3.0,3.0,1559.0,1559.0,1.0,3.0,2.0,30.0,153500
6.0,1973.0,3.0,3.0,483.0,987.0,1.0,3.0,1.0,30.0,100000
5.0,1995.0,3.0,4.0,1099.0,1099.0,1.0,4.0,1.0,30.0,144000
5.0,1946.0,3.0,3.0,768.0,1200.0,1.0,3.0,1.0,30.0,130500
6.0,1925.0,3.0,3.0,672.0,1482.0,2.0,2.0,1.0,48.0,140000
5.0,1904.0,3.0,3.0,650.0,1539.0,2.0,4.0,2.0,40.0,157500
6.0,1966.0,3.0,3.0,1127.0,1165.0,1.0,3.0,2.0,42.0,174900
5.0,1961.0,3.0,3.0,1800.0,1800.0,2.0,3.0,0.0,20.0,141000
5.0,1915.0,3.0,3.0,876.0,1416.0,1.0,3.0,3.0,40.0,153900
5.0,1975.0,3.0,4.0,1390.0,1701.0,2.0,3.0,2.0,25.0,171000
7.0,1993.0,4.0,4.0,740.0,1775.0,2.0,4.0,2.0,35.0,213000
5.0,1972.0,3.0,3.0,864.0,864.0,1.0,3.0,1.0,30.0,133500
6.0,1908.0,3.0,3.0,907.0,2358.0,3.0,3.0,2.0,48.0,240000
6.0,1976.0,4.0,3.0,528.0,1855.0,2.0,3.0,2.0,42.0,187000
6.0,2003.0,4.0,4.0,848.0,848.0,1.0,4.0,2.0,30.0,131500
8.0,2003.0,4.0,4.0,1273.0,1456.0,2.0,4.0,2.0,40.0,215000
7.0,1941.0,3.0,3.0,918.0,1646.0,2.0,3.0,1.0,35.0,164000
6.0,1964.0,3.0,3.0,1127.0,1445.0,1.0,3.0,2.0,36.0,158000
5.0,1955.0,3.0,3.0,1763.0,1779.0,1.0,3.0,2.0,20.0,170000
5.0,1962.0,3.0,3.0,1040.0,1040.0,1.0,3.0,1.0,40.0,127000
6.0,1978.0,3.0,4.0,940.0,1026.0,1.0,3.0,2.0,36.0,147000
6.0,1994.0,3.0,4.0,702.0,1481.0,2.0,3.0,2.0,30.0,174000
7.0,1976.0,3.0,4.0,1090.0,1370.0,2.0,3.0,2.0,35.0,152000
6.0,1968.0,3.0,3.0,1054.0,2654.0,2.0,4.0,2.0,42.0,250000
7.0,1918.0,4.0,3.0,912.0,1426.0,1.0,4.0,1.0,56.0,189950
5.0,1965.0,3.0,3.0,1039.0,1039.0,1.0,3.0,2.0,20.0,131500
6.0,1984.0,3.0,4.0,1040.0,1097.0,2.0,3.0,2.0,30.0,152000
5.0,1959.0,3.0,3.0,1148.0,1148.0,1.0,3.0,1.0,25.0,132500
7.0,2007.0,4.0,5.0,1372.0,1372.0,2.0,4.0,2.0,35.0,250580
5.0,1970.0,3.0,3.0,1002.0,1002.0,1.0,3.0,2.0,30.0,148500
8.0,2006.0,4.0,4.0,1638.0,1646.0,2.0,4.0,3.0,40.0,248900
4.0,1961.0,3.0,3.0,1040.0,1120.0,1.0,2.0,2.0,20.0,129000
5.0,1948.0,3.0,0.0,0.0,2320.0,2.0,3.0,2.0,30.0,169000
7.0,1993.0,4.0,4.0,1050.0,1949.0,2.0,4.0,2.0,35.0,236000
5.0,1962.0,3.0,3.0,894.0,894.0,1.0,3.0,1.0,25.0,109500
6.0,1998.0,3.0,4.0,804.0,1682.0,2.0,4.0,2.0,30.0,200500
5.0,1953.0,4.0,3.0,105.0,910.0,1.0,4.0,2.0,35.0,116000
5.0,1949.0,4.0,3.0,832.0,1268.0,1.0,3.0,1.0,35.0,133000
5.0,1941.0,3.0,3.0,676.0,1131.0,1.0,3.0,1.0,30.0,66500
8.0,2007.0,4.0,4.0,1184.0,2610.0,2.0,5.0,2.0,40.0,303477
4.0,1963.0,3.0,3.0,1064.0,1040.0,1.0,3.0,2.0,20.0,132250
9.0,2004.0,4.0,5.0,1462.0,2224.0,2.0,5.0,3.0,45.0,350000
5.0,1961.0,3.0,3.0,1109.0,1155.0,1.0,4.0,2.0,35.0,148000
5.0,1978.0,4.0,3.0,864.0,864.0,1.0,3.0,1.0,40.0,136500
5.0,2005.0,3.0,5.0,1090.0,1090.0,1.0,3.0,2.0,25.0,157000
7.0,1990.0,4.0,4.0,1156.0,1717.0,2.0,4.0,2.0,35.0,187500
6.0,1992.0,3.0,4.0,808.0,1593.0,2.0,3.0,2.0,30.0,178000
4.0,1912.0,4.0,3.0,795.0,2230.0,1.0,3.0,1.0,20.0,118500
5.0,1967.0,3.0,3.0,892.0,892.0,1.0,3.0,1.0,25.0,100000
9.0,1999.0,4.0,5.0,1698.0,1709.0,2.0,4.0,2.0,45.0,328900
5.0,1959.0,3.0,3.0,1626.0,1712.0,2.0,3.0,2.0,25.0,145000
5.0,1955.0,3.0,3.0,816.0,1393.0,1.0,3.0,1.0,35.0,135500
8.0,1970.0,4.0,3.0,2217.0,2217.0,2.0,4.0,2.0,48.0,268000
6.0,1953.0,3.0,3.0,1505.0,1505.0,1.0,3.0,2.0,24.0,149500
5.0,1949.0,3.0,3.0,672.0,924.0,1.0,3.0,2.0,35.0,122900
6.0,1978.0,3.0,3.0,918.0,1683.0,2.0,3.0,2.0,30.0,172500
6.0,1963.0,3.0,3.0,1059.0,1068.0,1.0,3.0,1.0,48.0,154500
5.0,1954.0,3.0,4.0,1383.0,1383.0,1.0,3.0,1.0,25.0,165000
5.0,1979.0,3.0,0.0,0.0,1535.0,2.0,3.0,2.0,25.0,118858
6.0,1963.0,3.0,3.0,780.0,1796.0,1.0,3.0,2.0,30.0,140000
4.0,1936.0,3.0,3.0,951.0,951.0,1.0,3.0,1.0,24.0,106500
5.0,1979.0,3.0,0.0,0.0,2240.0,2.0,3.0,2.0,25.0,142953
9.0,2009.0,5.0,5.0,2330.0,2364.0,2.0,5.0,3.0,45.0,611657
5.0,1961.0,3.0,3.0,912.0,1236.0,1.0,3.0,1.0,35.0,135000
4.0,1971.0,3.0,3.0,858.0,858.0,1.0,3.0,1.0,24.0,110000
5.0,1957.0,3.0,3.0,992.0,1306.0,1.0,3.0,1.0,35.0,153000
7.0,2003.0,4.0,4.0,783.0,1509.0,2.0,4.0,2.0,35.0,180000
7.0,2006.0,4.0,4.0,1670.0,1670.0,2.0,4.0,3.0,35.0,240000
5.0,1967.0,3.0,3.0,876.0,902.0,1.0,3.0,1.0,30.0,125500
5.0,1954.0,3.0,3.0,1056.0,1063.0,1.0,3.0,1.0,25.0,128000
8.0,2006.0,4.0,4.0,1623.0,1636.0,2.0,4.0,3.0,40.0,255000
7.0,1936.0,4.0,4.0,1017.0,2057.0,1.0,4.0,1.0,49.0,250000
5.0,1983.0,3.0,4.0,864.0,902.0,1.0,3.0,2.0,25.0,131000
6.0,2005.0,4.0,4.0,742.0,1484.0,2.0,4.0,2.0,30.0,174000
5.0,1960.0,3.0,3.0,1105.0,2274.0,2.0,3.0,2.0,25.0,154300
5.0,1977.0,3.0,4.0,1268.0,1268.0,1.0,4.0,1.0,35.0,143500
5.0,1925.0,3.0,3.0,768.0,1015.0,1.0,3.0,1.0,35.0,88000
5.0,1949.0,3.0,3.0,1001.0,2002.0,2.0,3.0,3.0,30.0,145000
6.0,2009.0,4.0,4.0,612.0,1224.0,2.0,4.0,2.0,30.0,173733
4.0,1970.0,3.0,3.0,546.0,1092.0,1.0,3.0,1.0,20.0,75000
2.0,1949.0,3.0,3.0,480.0,480.0,0.0,3.0,1.0,6.0,35311
4.0,1956.0,3.0,3.0,1134.0,1229.0,1.0,3.0,1.0,24.0,135000
7.0,1991.0,4.0,5.0,1104.0,2127.0,2.0,4.0,3.0,35.0,238000
6.0,1958.0,5.0,4.0,1184.0,1414.0,1.0,3.0,2.0,48.0,176500
6.0,1994.0,4.0,4.0,928.0,1721.0,2.0,4.0,2.0,30.0,201000
5.0,1900.0,3.0,3.0,1272.0,2200.0,2.0,3.0,0.0,35.0,145900
6.0,2005.0,4.0,4.0,1316.0,1316.0,2.0,4.0,2.0,30.0,169990
6.0,1993.0,4.0,4.0,1604.0,1617.0,2.0,4.0,2.0,30.0,193000
6.0,1980.0,3.0,4.0,1686.0,1686.0,2.0,3.0,2.0,36.0,207500
5.0,1977.0,3.0,4.0,1126.0,1126.0,2.0,5.0,2.0,30.0,175000
8.0,2003.0,4.0,4.0,1181.0,2374.0,2.0,5.0,3.0,40.0,285000
7.0,1968.0,3.0,3.0,832.0,1978.0,2.0,3.0,2.0,35.0,176000
8.0,2001.0,4.0,4.0,1753.0,1788.0,2.0,5.0,2.0,40.0,236500
7.0,1997.0,3.0,4.0,964.0,2236.0,2.0,4.0,2.0,35.0,222000
8.0,2007.0,4.0,4.0,1466.0,1466.0,2.0,4.0,3.0,40.0,201000
5.0,1965.0,3.0,3.0,925.0,925.0,1.0,3.0,1.0,30.0,117500
9.0,2006.0,5.0,5.0,1905.0,1905.0,2.0,5.0,3.0,45.0,320000
7.0,2004.0,4.0,4.0,1500.0,1500.0,2.0,4.0,2.0,35.0,190000
7.0,1960.0,3.0,4.0,585.0,2069.0,2.0,4.0,2.0,49.0,242000
4.0,1926.0,3.0,2.0,600.0,747.0,1.0,3.0,2.0,20.0,79900
7.0,2003.0,4.0,4.0,1176.0,1200.0,2.0,4.0,2.0,35.0,184900
7.0,2005.0,4.0,4.0,1113.0,1971.0,2.0,4.0,2.0,35.0,253000
7.0,2006.0,4.0,4.0,1391.0,1962.0,2.0,4.0,3.0,35.0,239799
7.0,1940.0,3.0,3.0,1032.0,2403.0,2.0,3.0,1.0,49.0,244400
6.0,1976.0,3.0,3.0,1728.0,1728.0,2.0,3.0,2.0,30.0,150900
7.0,1999.0,4.0,4.0,992.0,2060.0,2.0,4.0,2.0,35.0,214000
4.0,1977.0,3.0,4.0,1440.0,1440.0,2.0,3.0,0.0,12.0,150000
5.0,1967.0,3.0,3.0,1632.0,1632.0,2.0,3.0,2.0,20.0,143000
6.0,1958.0,3.0,3.0,819.0,1344.0,1.0,4.0,2.0,36.0,137500
5.0,1890.0,3.0,3.0,1088.0,1869.0,1.0,3.0,2.0,30.0,124900
5.0,1959.0,3.0,3.0,1144.0,1144.0,1.0,3.0,1.0,30.0,143000
8.0,2002.0,4.0,4.0,1616.0,1629.0,2.0,4.0,3.0,40.0,270000
7.0,2002.0,4.0,4.0,936.0,1776.0,2.0,4.0,2.0,35.0,192500
6.0,1972.0,3.0,3.0,1161.0,1381.0,1.0,4.0,2.0,42.0,197500
5.0,1950.0,3.0,3.0,864.0,864.0,1.0,4.0,2.0,40.0,129000
5.0,1965.0,3.0,3.0,828.0,965.0,1.0,3.0,1.0,25.0,119900
5.0,1972.0,3.0,4.0,768.0,768.0,1.0,3.0,1.0,40.0,133900
5.0,1969.0,3.0,3.0,784.0,1968.0,2.0,3.0,2.0,20.0,172000
6.0,1975.0,3.0,4.0,945.0,980.0,2.0,3.0,0.0,30.0,127500
6.0,1946.0,3.0,4.0,979.0,1958.0,2.0,3.0,2.0,36.0,145000
6.0,1980.0,3.0,4.0,561.0,1229.0,1.0,3.0,2.0,36.0,124000
5.0,1962.0,3.0,3.0,1057.0,1057.0,1.0,3.0,2.0,25.0,132000
7.0,2003.0,4.0,4.0,1337.0,1337.0,2.0,4.0,2.0,35.0,185000
7.0,1999.0,4.0,4.0,696.0,1416.0,2.0,4.0,2.0,35.0,155000
5.0,1958.0,3.0,3.0,858.0,858.0,1.0,3.0,0.0,35.0,116500
6.0,1977.0,3.0,4.0,1330.0,2872.0,2.0,3.0,2.0,42.0,272000
6.0,1976.0,3.0,4.0,804.0,1548.0,2.0,4.0,2.0,36.0,155000
9.0,2007.0,4.0,5.0,1800.0,1800.0,2.0,5.0,2.0,45.0,239000
7.0,2002.0,4.0,4.0,817.0,1894.0,2.0,4.0,2.0,35.0,214900
6.0,2005.0,4.0,4.0,783.0,1484.0,2.0,4.0,2.0,30.0,178900
5.0,1940.0,4.0,3.0,728.0,1308.0,1.0,3.0,1.0,35.0,160000
5.0,1955.0,3.0,3.0,1098.0,1098.0,1.0,3.0,1.0,35.0,135000
3.0,1910.0,3.0,3.0,600.0,968.0,1.0,3.0,0.0,18.0,37900
6.0,1958.0,3.0,3.0,588.0,1095.0,1.0,3.0,1.0,30.0,140000
4.0,1949.0,3.0,3.0,720.0,1192.0,1.0,3.0,0.0,16.0,135000
7.0,2003.0,4.0,4.0,764.0,1626.0,2.0,4.0,2.0,35.0,173000
6.0,1979.0,3.0,4.0,918.0,918.0,2.0,3.0,1.0,30.0,99500
7.0,2007.0,4.0,4.0,1428.0,1428.0,2.0,4.0,2.0,35.0,182000
7.0,1910.0,3.0,4.0,728.0,2019.0,1.0,4.0,2.0,56.0,167500
7.0,2000.0,4.0,4.0,673.0,1382.0,2.0,4.0,2.0,35.0,165000
4.0,1923.0,3.0,4.0,440.0,869.0,1.0,2.0,0.0,28.0,85500
7.0,2006.0,4.0,4.0,1241.0,1241.0,1.0,4.0,2.0,35.0,199900
4.0,1954.0,3.0,3.0,894.0,894.0,1.0,3.0,2.0,20.0,110000
5.0,1963.0,3.0,3.0,1121.0,1121.0,1.0,3.0,2.0,30.0,139000
7.0,1961.0,5.0,3.0,944.0,999.0,1.0,5.0,2.0,63.0,178400
8.0,1998.0,4.0,4.0,1225.0,2612.0,2.0,4.0,3.0,40.0,336000
7.0,2007.0,4.0,4.0,1266.0,1266.0,2.0,4.0,2.0,35.0,159895
8.0,2002.0,4.0,4.0,1128.0,2290.0,2.0,4.0,2.0,40.0,255900
5.0,1977.0,3.0,0.0,0.0,1734.0,2.0,4.0,2.0,25.0,126000
5.0,1950.0,3.0,3.0,1164.0,1164.0,1.0,3.0,1.0,25.0,125000
6.0,1910.0,3.0,3.0,485.0,1635.0,1.0,4.0,1.0,48.0,117000
9.0,2009.0,5.0,5.0,1930.0,1940.0,2.0,5.0,3.0,45.0,395192
6.0,1976.0,3.0,3.0,848.0,2030.0,2.0,4.0,2.0,36.0,195000
7.0,2006.0,4.0,4.0,770.0,1576.0,2.0,4.0,2.0,35.0,197000
8.0,1997.0,4.0,4.0,1396.0,2392.0,2.0,4.0,3.0,40.0,348000
8.0,1882.0,4.0,3.0,916.0,1742.0,1.0,4.0,2.0,72.0,168000
6.0,1964.0,3.0,3.0,822.0,1851.0,2.0,4.0,2.0,48.0,187000
6.0,2005.0,3.0,4.0,750.0,1500.0,2.0,4.0,2.0,30.0,173900
10.0,2006.0,5.0,5.0,1700.0,1718.0,2.0,5.0,3.0,50.0,337500
4.0,1946.0,3.0,3.0,747.0,1230.0,1.0,3.0,1.0,28.0,121600
5.0,1961.0,3.0,3.0,1050.0,1050.0,1.0,3.0,1.0,30.0,136500
6.0,1970.0,3.0,3.0,1442.0,1442.0,2.0,3.0,2.0,36.0,185000
3.0,1922.0,3.0,3.0,1007.0,1077.0,1.0,3.0,1.0,12.0,91000
7.0,2006.0,4.0,4.0,1187.0,1208.0,2.0,4.0,2.0,35.0,206000
3.0,1952.0,3.0,0.0,0.0,944.0,1.0,2.0,2.0,9.0,82000
5.0,1920.0,3.0,2.0,691.0,691.0,1.0,5.0,1.0,30.0,86000
8.0,2006.0,4.0,4.0,1574.0,1574.0,2.0,4.0,3.0,40.0,232000
5.0,1976.0,3.0,3.0,1680.0,1680.0,2.0,3.0,2.0,30.0,136905
7.0,2005.0,4.0,4.0,1346.0,1504.0,2.0,4.0,2.0,35.0,181000
5.0,1977.0,4.0,4.0,985.0,985.0,2.0,3.0,1.0,40.0,149900
6.0,1970.0,3.0,4.0,1657.0,1657.0,2.0,3.0,2.0,18.0,163500
4.0,1970.0,3.0,3.0,546.0,1092.0,1.0,3.0,1.0,16.0,88000
7.0,2004.0,4.0,5.0,1710.0,1710.0,2.0,4.0,2.0,35.0,240000
5.0,1926.0,3.0,3.0,1008.0,1522.0,2.0,3.0,0.0,25.0,102000
5.0,1948.0,3.0,3.0,720.0,1271.0,2.0,3.0,1.0,25.0,135000
5.0,1965.0,3.0,0.0,0.0,1664.0,2.0,3.0,0.0,25.0,100000
6.0,1923.0,3.0,3.0,602.0,1502.0,1.0,4.0,1.0,42.0,165000
5.0,1910.0,3.0,3.0,1022.0,1022.0,1.0,3.0,1.0,20.0,85000
6.0,1948.0,3.0,3.0,1082.0,1082.0,1.0,3.0,1.0,30.0,119200
8.0,2001.0,4.0,4.0,810.0,1665.0,2.0,4.0,2.0,48.0,227000
7.0,1996.0,4.0,4.0,1504.0,1504.0,2.0,4.0,2.0,35.0,203000
8.0,1984.0,4.0,4.0,1220.0,1360.0,1.0,4.0,2.0,40.0,187500
7.0,1991.0,4.0,4.0,384.0,1472.0,2.0,4.0,2.0,35.0,160000
7.0,2005.0,4.0,4.0,1362.0,1506.0,2.0,4.0,2.0,35.0,213490
4.0,2005.0,3.0,4.0,1132.0,1132.0,1.0,4.0,2.0,20.0,176000
7.0,2006.0,4.0,4.0,1199.0,1220.0,2.0,4.0,2.0,35.0,194000
5.0,1930.0,3.0,3.0,912.0,1248.0,1.0,3.0,1.0,25.0,87000
7.0,2005.0,4.0,4.0,1346.0,1504.0,2.0,4.0,2.0,35.0,191000
8.0,1976.0,4.0,4.0,1565.0,2898.0,2.0,4.0,2.0,48.0,287000
5.0,1972.0,3.0,3.0,882.0,882.0,1.0,3.0,2.0,25.0,112500
5.0,1960.0,3.0,3.0,1268.0,1264.0,1.0,3.0,2.0,25.0,167500
8.0,2007.0,4.0,4.0,1638.0,1646.0,2.0,4.0,3.0,40.0,293077
5.0,1941.0,3.0,3.0,768.0,1376.0,1.0,3.0,1.0,25.0,105000
6.0,1972.0,3.0,3.0,672.0,1218.0,1.0,3.0,1.0,42.0,118000
5.0,1916.0,3.0,3.0,686.0,1928.0,2.0,3.0,0.0,40.0,160000
7.0,1920.0,3.0,3.0,824.0,3082.0,2.0,3.0,2.0,21.0,197000
8.0,1993.0,4.0,4.0,1338.0,2520.0,2.0,4.0,3.0,56.0,310000
7.0,2002.0,4.0,4.0,1654.0,1654.0,2.0,4.0,3.0,35.0,230000
5.0,1938.0,3.0,2.0,920.0,954.0,1.0,2.0,1.0,35.0,119750
4.0,1957.0,3.0,0.0,0.0,845.0,1.0,3.0,1.0,12.0,84000
9.0,2007.0,4.0,5.0,1620.0,1620.0,2.0,5.0,3.0,45.0,315500
8.0,2001.0,4.0,4.0,1055.0,2263.0,2.0,4.0,2.0,40.0,287000
4.0,1970.0,3.0,3.0,546.0,1344.0,1.0,3.0,0.0,24.0,97000
4.0,1970.0,3.0,4.0,630.0,630.0,1.0,3.0,1.0,16.0,80000
5.0,1957.0,3.0,3.0,1134.0,1803.0,2.0,3.0,2.0,20.0,155000
6.0,1966.0,3.0,3.0,800.0,1632.0,1.0,4.0,2.0,48.0,173000
6.0,2005.0,4.0,4.0,1306.0,1306.0,2.0,4.0,2.0,30.0,196000
7.0,1990.0,3.0,4.0,1475.0,2329.0,2.0,4.0,2.0,35.0,262280
8.0,1981.0,4.0,4.0,2524.0,2524.0,2.0,4.0,2.0,40.0,278000
3.0,1955.0,3.0,0.0,0.0,1733.0,2.0,3.0,2.0,15.0,139600
9.0,2005.0,4.0,5.0,1992.0,2868.0,3.0,5.0,3.0,45.0,556581
5.0,1994.0,3.0,4.0,990.0,990.0,1.0,3.0,2.0,25.0,145000
5.0,1960.0,3.0,0.0,0.0,1771.0,1.0,3.0,2.0,20.0,115000
4.0,1946.0,3.0,0.0,0.0,930.0,1.0,4.0,1.0,28.0,84900
7.0,2007.0,4.0,4.0,1302.0,1302.0,2.0,4.0,2.0,35.0,176485
7.0,2007.0,4.0,4.0,1316.0,1316.0,2.0,4.0,2.0,35.0,200141
6.0,1964.0,3.0,3.0,816.0,1977.0,1.0,3.0,2.0,36.0,165000
5.0,1957.0,3.0,3.0,1216.0,1526.0,1.0,3.0,1.0,30.0,144500
8.0,2002.0,4.0,4.0,1065.0,1989.0,2.0,4.0,2.0,40.0,255000
6.0,1976.0,3.0,4.0,1193.0,1523.0,2.0,3.0,2.0,30.0,180000
7.0,2005.0,4.0,4.0,1364.0,1364.0,2.0,4.0,2.0,35.0,185850
7.0,1994.0,4.0,4.0,973.0,1850.0,2.0,4.0,2.0,42.0,248000
9.0,2008.0,5.0,5.0,1104.0,2184.0,2.0,5.0,3.0,45.0,335000
6.0,1932.0,3.0,3.0,854.0,1991.0,1.0,3.0,2.0,42.0,220000
8.0,2001.0,4.0,4.0,1338.0,1338.0,2.0,4.0,2.0,40.0,213500
3.0,1935.0,2.0,3.0,894.0,894.0,1.0,3.0,3.0,12.0,81000
5.0,1900.0,3.0,3.0,662.0,2337.0,2.0,3.0,2.0,25.0,90000
6.0,1925.0,3.0,3.0,1103.0,1103.0,1.0,4.0,2.0,36.0,110500
5.0,1966.0,3.0,3.0,1154.0,1154.0,1.0,3.0,2.0,30.0,154000
7.0,1996.0,4.0,5.0,1306.0,2260.0,2.0,4.0,2.0,35.0,328000
6.0,1993.0,4.0,4.0,799.0,1571.0,2.0,3.0,2.0,42.0,178000
6.0,1964.0,3.0,3.0,780.0,1611.0,1.0,3.0,2.0,36.0,167900
6.0,1973.0,3.0,4.0,942.0,2521.0,2.0,3.0,2.0,24.0,151400
5.0,1949.0,3.0,3.0,845.0,893.0,1.0,4.0,2.0,35.0,135000
5.0,1956.0,3.0,3.0,1048.0,1048.0,1.0,3.0,1.0,25.0,135000
6.0,1968.0,3.0,3.0,727.0,1556.0,1.0,3.0,2.0,36.0,154000
5.0,1948.0,3.0,2.0,810.0,1456.0,1.0,3.0,1.0,15.0,91500
6.0,1977.0,3.0,3.0,690.0,1426.0,1.0,3.0,2.0,36.0,159500
7.0,2006.0,4.0,4.0,1240.0,1240.0,2.0,4.0,3.0,35.0,194000
7.0,1940.0,3.0,3.0,800.0,1740.0,1.0,3.0,1.0,42.0,219500
5.0,1936.0,3.0,2.0,796.0,1466.0,2.0,4.0,2.0,40.0,170000
5.0,1969.0,3.0,3.0,1096.0,1096.0,1.0,3.0,1.0,25.0,138800
6.0,2004.0,4.0,4.0,848.0,848.0,1.0,4.0,2.0,30.0,155900
5.0,1994.0,3.0,4.0,990.0,990.0,1.0,3.0,1.0,25.0,126000
6.0,1971.0,4.0,3.0,1258.0,1258.0,2.0,4.0,2.0,42.0,145000
5.0,1963.0,3.0,3.0,1040.0,1040.0,1.0,3.0,1.0,25.0,133000
7.0,2002.0,4.0,4.0,1459.0,1459.0,2.0,4.0,2.0,35.0,192000
6.0,1964.0,3.0,3.0,1251.0,1251.0,1.0,3.0,1.0,36.0,160000
6.0,1995.0,3.0,4.0,691.0,1498.0,2.0,3.0,2.0,30.0,187500
6.0,1992.0,3.0,4.0,936.0,996.0,1.0,4.0,2.0,36.0,147000
4.0,1973.0,3.0,3.0,546.0,1092.0,1.0,3.0,1.0,20.0,83500
8.0,2005.0,4.0,4.0,1082.0,1953.0,2.0,4.0,3.0,40.0,252000
7.0,2004.0,4.0,4.0,970.0,1709.0,2.0,4.0,2.0,35.0,137500
8.0,2005.0,4.0,4.0,1247.0,1247.0,1.0,4.0,2.0,40.0,197000
3.0,1950.0,3.0,0.0,0.0,1040.0,2.0,3.0,2.0,12.0,92900
7.0,1999.0,4.0,4.0,600.0,1252.0,2.0,4.0,2.0,35.0,160000
6.0,1925.0,3.0,3.0,1181.0,1694.0,2.0,3.0,2.0,30.0,136500
5.0,1965.0,3.0,3.0,864.0,1200.0,1.0,4.0,2.0,40.0,146000
5.0,1956.0,3.0,3.0,936.0,936.0,1.0,3.0,1.0,35.0,129000
6.0,2006.0,4.0,4.0,1314.0,1314.0,2.0,4.0,2.0,30.0,176432
6.0,1914.0,3.0,3.0,684.0,1355.0,1.0,4.0,0.0,42.0,127000
8.0,1986.0,4.0,4.0,1074.0,1088.0,1.0,4.0,2.0,40.0,170000
4.0,1936.0,3.0,3.0,672.0,1324.0,1.0,3.0,1.0,24.0,128000
7.0,1978.0,3.0,4.0,1271.0,1601.0,2.0,3.0,2.0,35.0,157000
2.0,1920.0,3.0,3.0,290.0,438.0,1.0,2.0,1.0,10.0,60000
5.0,1971.0,3.0,3.0,950.0,950.0,1.0,3.0,1.0,25.0,119500
5.0,1960.0,3.0,3.0,1010.0,1134.0,1.0,3.0,1.0,35.0,135000
6.0,1959.0,3.0,3.0,655.0,1194.0,1.0,3.0,2.0,36.0,159500
5.0,1970.0,3.0,3.0,630.0,1302.0,2.0,3.0,2.0,25.0,106000
8.0,1994.0,4.0,5.0,1463.0,2622.0,2.0,4.0,2.0,40.0,325000
7.0,1990.0,4.0,4.0,910.0,1442.0,2.0,4.0,2.0,35.0,179900
7.0,2006.0,4.0,5.0,868.0,2021.0,2.0,4.0,2.0,35.0,274725
6.0,2000.0,3.0,4.0,924.0,1690.0,2.0,3.0,2.0,30.0,181000
8.0,2004.0,4.0,5.0,1836.0,1836.0,2.0,4.0,3.0,40.0,280000
6.0,1995.0,3.0,4.0,773.0,1658.0,2.0,3.0,2.0,30.0,188000
7.0,1976.0,3.0,3.0,803.0,1964.0,2.0,3.0,2.0,42.0,205000
5.0,1957.0,3.0,3.0,816.0,816.0,1.0,3.0,1.0,35.0,129900
5.0,1953.0,3.0,3.0,1008.0,1008.0,1.0,4.0,1.0,35.0,134500
5.0,1954.0,3.0,3.0,833.0,833.0,1.0,4.0,1.0,35.0,117000
8.0,2007.0,4.0,5.0,1734.0,1734.0,2.0,5.0,3.0,40.0,318000
8.0,2002.0,4.0,4.0,408.0,1419.0,2.0,4.0,2.0,40.0,184100
5.0,1967.0,3.0,3.0,894.0,894.0,1.0,4.0,2.0,35.0,130000
5.0,1958.0,3.0,3.0,533.0,1601.0,1.0,3.0,1.0,30.0,140000
5.0,1959.0,3.0,3.0,1040.0,1040.0,1.0,3.0,1.0,25.0,133700
6.0,1920.0,3.0,3.0,1012.0,1012.0,1.0,3.0,1.0,30.0,118400
7.0,2005.0,4.0,4.0,1552.0,1552.0,2.0,4.0,3.0,35.0,212900
4.0,1956.0,3.0,3.0,672.0,960.0,1.0,3.0,1.0,12.0,112000
5.0,1947.0,3.0,3.0,698.0,698.0,1.0,3.0,0.0,45.0,118000
7.0,1992.0,3.0,4.0,384.0,1482.0,2.0,4.0,2.0,35.0,163900
4.0,1955.0,3.0,3.0,1005.0,1005.0,1.0,2.0,2.0,20.0,115000
7.0,2007.0,4.0,4.0,1373.0,1555.0,2.0,4.0,3.0,35.0,174000
7.0,2004.0,4.0,4.0,1530.0,1530.0,2.0,4.0,3.0,35.0,259000
7.0,2004.0,4.0,4.0,847.0,1959.0,2.0,4.0,2.0,35.0,215000
5.0,1980.0,3.0,4.0,936.0,936.0,1.0,3.0,2.0,25.0,140000
4.0,1928.0,3.0,3.0,1122.0,1981.0,2.0,4.0,2.0,12.0,135000
5.0,1991.0,3.0,4.0,974.0,974.0,1.0,3.0,0.0,25.0,93500
6.0,1880.0,3.0,3.0,1008.0,2210.0,2.0,2.0,1.0,24.0,117500
8.0,1995.0,4.0,4.0,1128.0,2020.0,2.0,4.0,2.0,40.0,239500
6.0,1997.0,3.0,4.0,916.0,1600.0,2.0,3.0,2.0,30.0,169000
6.0,1926.0,3.0,3.0,960.0,986.0,1.0,3.0,1.0,30.0,102000
6.0,1950.0,3.0,3.0,1032.0,1252.0,1.0,3.0,1.0,30.0,119000
5.0,1875.0,3.0,3.0,780.0,1020.0,1.0,3.0,0.0,40.0,94000
6.0,1977.0,3.0,3.0,1567.0,1567.0,2.0,4.0,2.0,30.0,196000
5.0,1920.0,3.0,3.0,915.0,1167.0,1.0,3.0,2.0,25.0,144000
5.0,1951.0,3.0,3.0,952.0,952.0,1.0,3.0,2.0,35.0,139000
5.0,1976.0,3.0,3.0,780.0,1868.0,2.0,4.0,2.0,35.0,197500
8.0,2006.0,4.0,5.0,1466.0,2828.0,3.0,4.0,3.0,40.0,424870
5.0,1959.0,3.0,3.0,1006.0,1006.0,1.0,3.0,0.0,15.0,80000
4.0,1941.0,3.0,4.0,672.0,924.0,1.0,2.0,1.0,16.0,80000
5.0,1928.0,3.0,3.0,1042.0,1576.0,1.0,3.0,1.0,30.0,149000
6.0,1985.0,4.0,4.0,1298.0,1298.0,2.0,4.0,2.0,30.0,180000
7.0,1941.0,3.0,3.0,704.0,1564.0,1.0,2.0,1.0,49.0,174500
7.0,1926.0,3.0,3.0,572.0,1111.0,1.0,3.0,1.0,49.0,116900
7.0,1920.0,3.0,3.0,650.0,1482.0,1.0,3.0,2.0,63.0,143000
6.0,1950.0,3.0,3.0,932.0,932.0,1.0,4.0,1.0,30.0,124000
5.0,1959.0,3.0,3.0,1466.0,1466.0,1.0,2.0,2.0,20.0,149900
6.0,1956.0,3.0,3.0,1073.0,1811.0,1.0,5.0,2.0,42.0,230000
6.0,1930.0,4.0,3.0,816.0,816.0,1.0,3.0,1.0,48.0,120500
7.0,1965.0,3.0,3.0,864.0,1820.0,1.0,4.0,2.0,42.0,201800
5.0,1976.0,4.0,4.0,1437.0,1437.0,2.0,4.0,2.0,40.0,218000
5.0,1965.0,3.0,3.0,1219.0,1265.0,2.0,4.0,2.0,40.0,179900
7.0,2007.0,4.0,4.0,1314.0,1314.0,2.0,4.0,2.0,35.0,230000
8.0,2007.0,4.0,4.0,1580.0,1580.0,2.0,4.0,3.0,40.0,235128
6.0,1974.0,4.0,3.0,901.0,1876.0,2.0,4.0,2.0,36.0,185000
6.0,1978.0,3.0,4.0,855.0,1456.0,2.0,3.0,2.0,30.0,146000
6.0,1954.0,4.0,3.0,1296.0,1640.0,1.0,4.0,2.0,42.0,224000
5.0,1968.0,3.0,4.0,894.0,894.0,1.0,3.0,2.0,25.0,129000
4.0,1969.0,3.0,4.0,1198.0,1258.0,0.0,3.0,2.0,16.0,108959
5.0,1978.0,3.0,4.0,1360.0,1432.0,1.0,4.0,2.0,35.0,194000
7.0,2009.0,4.0,4.0,1502.0,1502.0,2.0,4.0,2.0,35.0,233170
8.0,2008.0,4.0,4.0,1694.0,1694.0,2.0,4.0,3.0,40.0,245350
6.0,2000.0,3.0,4.0,959.0,1671.0,2.0,3.0,2.0,30.0,173000
6.0,1935.0,3.0,3.0,1127.0,2108.0,2.0,4.0,2.0,42.0,235000
10.0,1995.0,4.0,5.0,1930.0,3627.0,3.0,4.0,3.0,50.0,625000
6.0,1977.0,3.0,3.0,1096.0,1118.0,1.0,3.0,1.0,36.0,171000
6.0,1958.0,3.0,3.0,1261.0,1261.0,1.0,3.0,2.0,36.0,163000
7.0,2006.0,4.0,4.0,625.0,1250.0,2.0,4.0,2.0,35.0,171900
5.0,1946.0,3.0,3.0,1598.0,3086.0,3.0,5.0,0.0,30.0,200500
6.0,1932.0,3.0,4.0,952.0,2345.0,2.0,3.0,2.0,48.0,239000
8.0,1992.0,4.0,4.0,1683.0,2872.0,2.0,4.0,2.0,40.0,285000
5.0,1984.0,3.0,3.0,876.0,923.0,1.0,3.0,1.0,25.0,119500
6.0,1926.0,3.0,3.0,818.0,1224.0,1.0,3.0,1.0,48.0,115000
5.0,1921.0,3.0,3.0,731.0,1343.0,1.0,3.0,1.0,30.0,154900
5.0,1954.0,3.0,0.0,0.0,1124.0,1.0,3.0,0.0,25.0,93000
7.0,1990.0,3.0,4.0,1216.0,2514.0,2.0,3.0,2.0,35.0,250000
8.0,2008.0,5.0,5.0,1600.0,1652.0,2.0,4.0,2.0,40.0,392500
10.0,1996.0,4.0,5.0,2396.0,4476.0,3.0,5.0,3.0,50.0,745000
5.0,1920.0,3.0,3.0,1120.0,1130.0,1.0,3.0,2.0,30.0,120000
5.0,1963.0,3.0,3.0,1572.0,1572.0,1.0,3.0,3.0,20.0,186700
5.0,1924.0,3.0,3.0,784.0,1221.0,1.0,3.0,1.0,35.0,104900
3.0,1900.0,3.0,2.0,978.0,1699.0,2.0,3.0,2.0,15.0,95000
8.0,1994.0,4.0,4.0,1624.0,1624.0,2.0,4.0,3.0,40.0,262000
7.0,2002.0,4.0,4.0,831.0,1660.0,2.0,4.0,2.0,35.0,195000
7.0,1999.0,3.0,3.0,994.0,1804.0,2.0,4.0,2.0,35.0,189000
4.0,1961.0,3.0,3.0,1249.0,1622.0,1.0,3.0,4.0,16.0,168000
8.0,1999.0,4.0,4.0,776.0,1441.0,2.0,4.0,2.0,40.0,174000
5.0,1925.0,3.0,3.0,702.0,1472.0,1.0,4.0,1.0,40.0,125000
6.0,1999.0,3.0,5.0,1224.0,1224.0,2.0,3.0,2.0,30.0,165000
6.0,1969.0,3.0,3.0,663.0,1352.0,1.0,3.0,1.0,42.0,158000
6.0,2005.0,3.0,4.0,728.0,1456.0,2.0,4.0,2.0,30.0,176000
7.0,2006.0,4.0,4.0,879.0,1863.0,2.0,4.0,3.0,35.0,219210
7.0,1916.0,3.0,3.0,815.0,1690.0,1.0,3.0,1.0,42.0,144000
7.0,2001.0,4.0,4.0,1212.0,1212.0,2.0,4.0,2.0,35.0,178000
4.0,1963.0,3.0,3.0,1051.0,1382.0,1.0,3.0,2.0,20.0,148000
4.0,1970.0,3.0,3.0,864.0,864.0,1.0,3.0,1.0,20.0,116050
7.0,1998.0,3.0,4.0,866.0,1779.0,2.0,4.0,2.0,35.0,197900
5.0,1925.0,3.0,3.0,884.0,1348.0,1.0,3.0,1.0,40.0,117000
7.0,2000.0,4.0,4.0,1630.0,1630.0,2.0,4.0,2.0,35.0,213000
5.0,1975.0,3.0,4.0,1056.0,1074.0,1.0,3.0,2.0,30.0,153500
7.0,1990.0,4.0,4.0,2158.0,2196.0,2.0,4.0,3.0,49.0,271900
4.0,1966.0,3.0,3.0,1056.0,1056.0,1.0,3.0,1.0,16.0,107000
6.0,2003.0,4.0,4.0,1682.0,1700.0,2.0,4.0,2.0,30.0,200000
5.0,1962.0,3.0,3.0,931.0,1283.0,1.0,3.0,2.0,35.0,140000
8.0,2006.0,4.0,5.0,1660.0,1660.0,2.0,4.0,2.0,40.0,290000
6.0,1992.0,4.0,4.0,1055.0,1845.0,2.0,4.0,2.0,30.0,189000
8.0,1988.0,4.0,4.0,559.0,1752.0,2.0,3.0,2.0,56.0,164000
4.0,1941.0,3.0,3.0,672.0,672.0,1.0,3.0,1.0,24.0,113000
4.0,1965.0,3.0,3.0,648.0,960.0,0.0,3.0,1.0,36.0,145000
5.0,1962.0,3.0,3.0,925.0,999.0,1.0,3.0,1.0,25.0,134500
5.0,1966.0,3.0,3.0,894.0,894.0,1.0,3.0,1.0,25.0,125000
6.0,1978.0,3.0,0.0,0.0,1902.0,2.0,3.0,2.0,30.0,112000
8.0,2009.0,4.0,4.0,1300.0,1314.0,2.0,4.0,2.0,40.0,229456
4.0,1947.0,3.0,0.0,0.0,912.0,1.0,3.0,0.0,20.0,80500
6.0,1971.0,3.0,3.0,672.0,1218.0,1.0,3.0,0.0,30.0,91500
5.0,1964.0,3.0,3.0,912.0,912.0,1.0,3.0,1.0,25.0,115000
5.0,1968.0,3.0,3.0,952.0,1211.0,1.0,3.0,1.0,25.0,134000
6.0,1949.0,3.0,3.0,1040.0,1846.0,2.0,3.0,1.0,36.0,143000
5.0,1951.0,3.0,3.0,2136.0,2136.0,2.0,3.0,2.0,15.0,137900
7.0,2004.0,4.0,4.0,788.0,1490.0,2.0,4.0,2.0,35.0,184000
6.0,1958.0,3.0,3.0,588.0,1138.0,1.0,3.0,1.0,48.0,145000
6.0,2007.0,4.0,4.0,894.0,1933.0,2.0,4.0,3.0,30.0,214000
5.0,1965.0,3.0,3.0,912.0,912.0,1.0,4.0,2.0,40.0,147000
9.0,2008.0,5.0,5.0,1702.0,1702.0,1.0,5.0,3.0,45.0,367294
5.0,1960.0,3.0,3.0,1075.0,1507.0,2.0,3.0,1.0,25.0,127000
5.0,1977.0,3.0,4.0,1361.0,2620.0,2.0,3.0,2.0,25.0,190000
5.0,1962.0,3.0,3.0,1106.0,1190.0,1.0,3.0,2.0,30.0,132500
4.0,1962.0,3.0,0.0,0.0,1224.0,2.0,3.0,2.0,20.0,101800
5.0,1959.0,3.0,3.0,1188.0,1188.0,1.0,3.0,2.0,25.0,142000
5.0,1911.0,3.0,3.0,940.0,1964.0,1.0,3.0,0.0,30.0,130000
5.0,1914.0,3.0,4.0,747.0,1784.0,1.0,3.0,1.0,25.0,138887
7.0,2003.0,4.0,4.0,764.0,1626.0,2.0,4.0,2.0,35.0,175500
7.0,2004.0,4.0,4.0,847.0,1948.0,2.0,4.0,2.0,35.0,195000
6.0,2005.0,4.0,4.0,1141.0,1141.0,1.0,3.0,2.0,30.0,142500
8.0,2006.0,4.0,4.0,1476.0,1484.0,2.0,5.0,2.0,40.0,265900
7.0,2003.0,4.0,4.0,884.0,1768.0,2.0,4.0,2.0,35.0,224900
7.0,2007.0,4.0,4.0,1689.0,1689.0,2.0,4.0,3.0,42.0,248328
7.0,1974.0,3.0,4.0,1053.0,1173.0,2.0,4.0,2.0,42.0,170000
10.0,2006.0,5.0,5.0,2076.0,2076.0,2.0,5.0,3.0,50.0,465000
8.0,1929.0,3.0,4.0,792.0,1517.0,1.0,4.0,2.0,56.0,230000
6.0,1984.0,3.0,4.0,585.0,1868.0,3.0,3.0,2.0,42.0,178000
7.0,2005.0,4.0,4.0,756.0,1553.0,2.0,4.0,2.0,35.0,186500
6.0,1976.0,3.0,3.0,1012.0,1034.0,1.0,3.0,3.0,30.0,169900
6.0,1917.0,3.0,4.0,735.0,2058.0,1.0,3.0,2.0,30.0,129500
5.0,1950.0,3.0,3.0,876.0,988.0,1.0,3.0,1.0,35.0,119000
7.0,1968.0,4.0,3.0,2110.0,2110.0,2.0,5.0,2.0,35.0,244000
7.0,2003.0,4.0,4.0,1405.0,1405.0,2.0,4.0,2.0,35.0,171750
5.0,1968.0,3.0,3.0,864.0,874.0,1.0,3.0,1.0,30.0,130000
7.0,1974.0,4.0,3.0,1192.0,2167.0,2.0,4.0,2.0,49.0,294000
7.0,2003.0,4.0,4.0,746.0,1656.0,2.0,4.0,2.0,35.0,165400
6.0,1931.0,3.0,3.0,884.0,1367.0,1.0,3.0,1.0,36.0,127500
8.0,1994.0,4.0,4.0,1986.0,1987.0,2.0,4.0,2.0,40.0,301500
5.0,1922.0,3.0,2.0,864.0,864.0,1.0,3.0,0.0,40.0,99900
7.0,2005.0,4.0,4.0,856.0,1166.0,2.0,4.0,2.0,35.0,190000
6.0,1969.0,3.0,4.0,1054.0,1054.0,1.0,3.0,2.0,48.0,151000
6.0,1999.0,3.0,4.0,841.0,1675.0,2.0,3.0,2.0,30.0,181000
5.0,1956.0,3.0,3.0,1050.0,1050.0,1.0,3.0,1.0,30.0,128900
4.0,1957.0,3.0,3.0,1104.0,1788.0,1.0,3.0,1.0,20.0,161500
6.0,1919.0,3.0,3.0,764.0,1824.0,1.0,3.0,2.0,36.0,180500
6.0,1998.0,4.0,4.0,1405.0,1337.0,2.0,4.0,2.0,30.0,181000
7.0,1999.0,4.0,4.0,691.0,1452.0,2.0,4.0,2.0,35.0,183900
7.0,1910.0,2.0,3.0,925.0,1889.0,1.0,3.0,1.0,28.0,122000
9.0,2008.0,5.0,5.0,2002.0,2018.0,2.0,5.0,3.0,45.0,378500
8.0,1935.0,3.0,3.0,728.0,3447.0,3.0,4.0,3.0,72.0,381000
5.0,1958.0,3.0,3.0,874.0,1524.0,1.0,3.0,1.0,25.0,144000
7.0,1979.0,4.0,4.0,1332.0,1524.0,0.0,4.0,2.0,42.0,260000
6.0,1968.0,3.0,3.0,1489.0,1489.0,2.0,4.0,2.0,42.0,185750
5.0,1965.0,3.0,3.0,935.0,935.0,1.0,3.0,1.0,30.0,137000
6.0,1959.0,3.0,3.0,1019.0,1357.0,1.0,5.0,1.0,42.0,177000
5.0,1910.0,3.0,3.0,661.0,1250.0,2.0,3.0,2.0,30.0,139000
5.0,1948.0,3.0,3.0,928.0,1920.0,2.0,3.0,2.0,25.0,137000
6.0,1972.0,3.0,3.0,723.0,1395.0,1.0,3.0,2.0,36.0,162000
6.0,1967.0,3.0,4.0,1680.0,1724.0,1.0,3.0,2.0,30.0,197900
8.0,2002.0,4.0,4.0,1128.0,2031.0,2.0,4.0,2.0,40.0,237000
4.0,1920.0,3.0,3.0,698.0,1128.0,1.0,3.0,2.0,16.0,68400
7.0,2002.0,4.0,4.0,1573.0,1573.0,2.0,4.0,2.0,35.0,227000
7.0,1990.0,3.0,4.0,1309.0,1339.0,2.0,3.0,2.0,35.0,180000
5.0,1977.0,3.0,4.0,1040.0,1040.0,2.0,4.0,2.0,35.0,150500
6.0,1971.0,3.0,3.0,912.0,1824.0,2.0,3.0,0.0,30.0,139000
6.0,1919.0,3.0,3.0,804.0,2447.0,2.0,4.0,1.0,42.0,169000
6.0,1939.0,3.0,3.0,780.0,1412.0,1.0,3.0,1.0,36.0,132500
6.0,1963.0,3.0,3.0,1328.0,1328.0,1.0,3.0,2.0,30.0,143000
5.0,1964.0,3.0,3.0,1624.0,1582.0,2.0,3.0,2.0,25.0,190000
8.0,2000.0,4.0,4.0,1501.0,1659.0,2.0,5.0,2.0,40.0,278000
8.0,2006.0,4.0,4.0,1085.0,1970.0,2.0,5.0,3.0,40.0,281000
5.0,1964.0,3.0,3.0,1152.0,1152.0,1.0,3.0,2.0,35.0,180500
5.0,1972.0,3.0,3.0,630.0,1302.0,2.0,3.0,1.0,35.0,119500
5.0,1892.0,3.0,3.0,994.0,2372.0,2.0,3.0,1.0,20.0,107500
7.0,1976.0,3.0,4.0,832.0,1664.0,2.0,3.0,2.0,35.0,162900
5.0,1955.0,3.0,3.0,864.0,864.0,1.0,3.0,2.0,35.0,115000
5.0,1968.0,3.0,3.0,1052.0,1052.0,1.0,3.0,1.0,25.0,138500
5.0,1963.0,3.0,3.0,1120.0,1128.0,2.0,3.0,2.0,30.0,155000
6.0,2005.0,3.0,4.0,547.0,1072.0,2.0,3.0,2.0,30.0,140000
5.0,1959.0,3.0,3.0,1246.0,1246.0,1.0,4.0,1.0,35.0,154000
7.0,1999.0,4.0,4.0,978.0,1983.0,2.0,4.0,2.0,35.0,225000
6.0,1942.0,3.0,3.0,771.0,1494.0,1.0,4.0,1.0,42.0,177500
8.0,1994.0,4.0,4.0,1165.0,2526.0,2.0,4.0,3.0,40.0,290000
7.0,2005.0,4.0,4.0,1616.0,1616.0,2.0,4.0,3.0,35.0,232000
7.0,2004.0,4.0,4.0,976.0,1708.0,2.0,4.0,2.0,35.0,130000
9.0,2006.0,4.0,5.0,1652.0,1652.0,2.0,5.0,2.0,45.0,325000
7.0,2005.0,4.0,4.0,1368.0,1368.0,2.0,4.0,2.0,35.0,202500
5.0,1994.0,3.0,4.0,990.0,990.0,1.0,3.0,2.0,25.0,138000
5.0,1948.0,3.0,3.0,924.0,1122.0,1.0,4.0,2.0,35.0,147000
6.0,1991.0,3.0,4.0,1278.0,1294.0,2.0,4.0,2.0,30.0,179200
7.0,1959.0,4.0,4.0,1902.0,1902.0,2.0,5.0,2.0,56.0,335000
7.0,2005.0,4.0,4.0,1274.0,1274.0,2.0,4.0,2.0,35.0,203000
8.0,1990.0,4.0,5.0,1453.0,2810.0,2.0,4.0,2.0,40.0,302000
9.0,1999.0,4.0,4.0,1393.0,2599.0,2.0,4.0,3.0,45.0,333168
4.0,1954.0,3.0,3.0,948.0,948.0,1.0,3.0,1.0,24.0,119000
6.0,1969.0,3.0,2.0,952.0,2112.0,2.0,3.0,2.0,30.0,206900
8.0,2008.0,4.0,5.0,1622.0,1630.0,2.0,5.0,3.0,40.0,295493
7.0,2006.0,4.0,5.0,1352.0,1352.0,2.0,4.0,2.0,35.0,208900
8.0,2001.0,4.0,4.0,1753.0,1787.0,2.0,4.0,3.0,40.0,275000
4.0,1954.0,3.0,3.0,864.0,948.0,1.0,3.0,1.0,20.0,111000
6.0,1957.0,3.0,3.0,1478.0,1478.0,1.0,3.0,2.0,18.0,156500
3.0,1949.0,3.0,0.0,0.0,720.0,1.0,3.0,1.0,18.0,72500
7.0,1992.0,4.0,4.0,750.0,1923.0,2.0,4.0,2.0,35.0,190000
4.0,1940.0,2.0,3.0,420.0,708.0,1.0,2.0,0.0,28.0,82500
8.0,2006.0,4.0,5.0,1795.0,1795.0,2.0,4.0,3.0,40.0,147000
4.0,1922.0,3.0,3.0,796.0,796.0,1.0,3.0,0.0,16.0,55000
3.0,1931.0,3.0,3.0,544.0,774.0,1.0,4.0,0.0,18.0,79000
5.0,1982.0,4.0,3.0,816.0,816.0,1.0,4.0,1.0,45.0,130500
6.0,1920.0,4.0,4.0,1510.0,2792.0,2.0,3.0,2.0,42.0,256000
7.0,1998.0,3.0,4.0,935.0,1632.0,2.0,3.0,2.0,35.0,176500
8.0,2006.0,4.0,4.0,1588.0,1588.0,2.0,4.0,3.0,40.0,227000
5.0,1976.0,3.0,3.0,911.0,954.0,1.0,3.0,2.0,25.0,132500
4.0,1938.0,3.0,3.0,816.0,816.0,1.0,3.0,1.0,24.0,100000
5.0,1938.0,3.0,3.0,803.0,1360.0,1.0,4.0,1.0,30.0,125500
5.0,1970.0,3.0,3.0,765.0,1365.0,1.0,3.0,2.0,30.0,125000
6.0,1977.0,3.0,4.0,1350.0,1334.0,2.0,3.0,2.0,30.0,167900
5.0,1973.0,3.0,3.0,1656.0,1656.0,2.0,3.0,2.0,25.0,135000
4.0,1941.0,3.0,3.0,693.0,693.0,1.0,2.0,0.0,16.0,52500
7.0,2002.0,4.0,4.0,916.0,1861.0,2.0,4.0,2.0,35.0,200000
5.0,1972.0,3.0,3.0,864.0,864.0,1.0,3.0,1.0,35.0,128500
4.0,1971.0,3.0,3.0,858.0,872.0,1.0,3.0,4.0,20.0,123000
6.0,2003.0,3.0,4.0,1114.0,1114.0,1.0,4.0,2.0,30.0,155000
8.0,2002.0,4.0,4.0,1284.0,2169.0,2.0,4.0,2.0,40.0,228500
6.0,1928.0,3.0,3.0,896.0,1913.0,1.0,3.0,2.0,36.0,177000
7.0,2006.0,4.0,4.0,728.0,1456.0,2.0,4.0,2.0,35.0,155835
4.0,1920.0,3.0,3.0,960.0,960.0,1.0,2.0,1.0,16.0,108500
7.0,1968.0,3.0,3.0,1568.0,2156.0,2.0,3.0,2.0,49.0,262500
8.0,2006.0,4.0,5.0,1732.0,1776.0,2.0,4.0,3.0,40.0,283463
7.0,1998.0,4.0,4.0,1482.0,1494.0,2.0,4.0,2.0,35.0,215000
8.0,1872.0,3.0,3.0,684.0,2358.0,2.0,3.0,0.0,40.0,122000
5.0,1969.0,3.0,3.0,1248.0,2634.0,2.0,3.0,4.0,25.0,200000
6.0,1962.0,3.0,3.0,858.0,1716.0,1.0,3.0,2.0,36.0,171000
6.0,1937.0,4.0,3.0,698.0,1176.0,1.0,3.0,2.0,54.0,134900
8.0,1995.0,4.0,4.0,2033.0,3238.0,2.0,4.0,3.0,40.0,410000
7.0,2000.0,4.0,4.0,992.0,1865.0,2.0,4.0,3.0,35.0,235000
7.0,1968.0,3.0,3.0,570.0,1920.0,3.0,4.0,2.0,42.0,170000
5.0,1966.0,3.0,3.0,864.0,892.0,1.0,3.0,1.0,25.0,110000
5.0,1971.0,3.0,3.0,1078.0,1078.0,1.0,3.0,2.0,30.0,149900
6.0,2000.0,4.0,4.0,756.0,1573.0,2.0,4.0,2.0,30.0,177500
9.0,2004.0,4.0,5.0,1980.0,1980.0,2.0,5.0,3.0,45.0,315000
5.0,1921.0,3.0,3.0,612.0,2601.0,3.0,3.0,2.0,30.0,189000
7.0,2005.0,4.0,5.0,1530.0,1530.0,2.0,4.0,2.0,35.0,260000
4.0,1920.0,3.0,3.0,715.0,1738.0,2.0,3.0,1.0,16.0,104900
6.0,2006.0,3.0,4.0,616.0,1412.0,2.0,4.0,2.0,30.0,156932
7.0,2005.0,4.0,4.0,600.0,1200.0,2.0,4.0,2.0,35.0,144152
7.0,2000.0,4.0,4.0,814.0,1674.0,2.0,4.0,2.0,35.0,216000
7.0,1999.0,4.0,4.0,873.0,1790.0,2.0,4.0,2.0,35.0,193000
5.0,1977.0,3.0,3.0,757.0,1475.0,2.0,3.0,1.0,30.0,127000
6.0,2003.0,4.0,4.0,848.0,848.0,1.0,4.0,2.0,30.0,144000
8.0,2003.0,4.0,4.0,1657.0,1668.0,2.0,4.0,2.0,40.0,232000
4.0,1920.0,2.0,3.0,840.0,1374.0,1.0,3.0,1.0,24.0,105000
6.0,1955.0,3.0,3.0,992.0,1661.0,1.0,4.0,1.0,36.0,165500
7.0,1998.0,3.0,4.0,1108.0,2097.0,2.0,4.0,2.0,42.0,274300
10.0,2001.0,5.0,5.0,2633.0,2633.0,2.0,5.0,3.0,50.0,466500
7.0,2005.0,4.0,4.0,1026.0,1958.0,2.0,4.0,3.0,35.0,250000
8.0,2007.0,4.0,4.0,1571.0,1571.0,2.0,4.0,3.0,40.0,239000
6.0,1930.0,3.0,4.0,768.0,790.0,1.0,3.0,1.0,30.0,91000
5.0,1941.0,3.0,3.0,984.0,1604.0,2.0,3.0,2.0,25.0,117000
6.0,1973.0,3.0,3.0,483.0,987.0,1.0,3.0,1.0,30.0,83000
5.0,2006.0,3.0,4.0,384.0,1394.0,2.0,4.0,2.0,25.0,167500
3.0,1914.0,3.0,3.0,864.0,864.0,1.0,3.0,1.0,9.0,58500
6.0,1970.0,3.0,3.0,1205.0,2117.0,2.0,3.0,2.0,42.0,237500
7.0,1920.0,3.0,2.0,596.0,1762.0,1.0,4.0,2.0,49.0,157000
5.0,1918.0,3.0,3.0,816.0,1416.0,2.0,4.0,2.0,35.0,112000
6.0,1939.0,3.0,3.0,560.0,1258.0,1.0,3.0,1.0,30.0,105000
4.0,1922.0,3.0,3.0,796.0,1154.0,1.0,4.0,1.0,32.0,125500
7.0,1978.0,3.0,4.0,1392.0,2784.0,3.0,4.0,2.0,35.0,250000
6.0,1916.0,3.0,3.0,714.0,2526.0,2.0,4.0,1.0,42.0,136000
9.0,2006.0,5.0,5.0,1746.0,1746.0,2.0,5.0,3.0,45.0,377500
6.0,1941.0,3.0,3.0,735.0,1218.0,1.0,3.0,2.0,36.0,131000
7.0,2000.0,4.0,4.0,1525.0,1525.0,2.0,4.0,2.0,35.0,235000
5.0,1967.0,3.0,3.0,1584.0,1584.0,2.0,3.0,3.0,25.0,124000
5.0,1967.0,3.0,3.0,864.0,900.0,1.0,3.0,1.0,25.0,123000
6.0,1905.0,3.0,2.0,482.0,1912.0,2.0,3.0,2.0,42.0,163000
7.0,2006.0,4.0,4.0,1356.0,1500.0,2.0,4.0,3.0,35.0,246578
8.0,2005.0,4.0,4.0,1094.0,2482.0,2.0,4.0,3.0,40.0,281213
5.0,1948.0,3.0,3.0,747.0,1687.0,1.0,3.0,2.0,25.0,160000
5.0,1920.0,3.0,3.0,939.0,1513.0,1.0,3.0,1.0,40.0,137500
5.0,1950.0,3.0,3.0,1208.0,1904.0,1.0,3.0,1.0,20.0,138000
6.0,1925.0,3.0,3.0,976.0,1608.0,2.0,4.0,1.0,36.0,137450
6.0,1929.0,3.0,3.0,862.0,1158.0,1.0,3.0,1.0,42.0,120000
6.0,2004.0,3.0,3.0,839.0,1593.0,2.0,3.0,2.0,30.0,193000
7.0,2006.0,4.0,4.0,1286.0,1294.0,2.0,4.0,2.0,35.0,193879
8.0,2007.0,4.0,4.0,1485.0,1464.0,2.0,4.0,3.0,40.0,282922
3.0,1915.0,3.0,3.0,672.0,1214.0,1.0,3.0,3.0,12.0,105000
8.0,2004.0,4.0,5.0,1594.0,1646.0,2.0,4.0,2.0,40.0,275000
5.0,1972.0,3.0,4.0,768.0,768.0,1.0,3.0,2.0,35.0,133000
5.0,1985.0,3.0,3.0,833.0,833.0,1.0,3.0,0.0,25.0,112000
4.0,1910.0,3.0,2.0,622.0,1363.0,1.0,3.0,2.0,28.0,125500
7.0,1986.0,3.0,4.0,791.0,2093.0,2.0,3.0,2.0,42.0,215000
7.0,2001.0,4.0,4.0,944.0,1840.0,2.0,4.0,2.0,35.0,230000
6.0,1950.0,3.0,3.0,856.0,1668.0,1.0,3.0,1.0,48.0,140000
4.0,1949.0,3.0,0.0,0.0,1040.0,2.0,3.0,2.0,20.0,90000
8.0,2005.0,4.0,4.0,1844.0,1844.0,2.0,4.0,2.0,40.0,257000
6.0,1923.0,3.0,3.0,833.0,1848.0,1.0,4.0,2.0,42.0,207000
7.0,2007.0,4.0,4.0,1386.0,1569.0,2.0,4.0,3.0,35.0,175900
4.0,1885.0,3.0,3.0,777.0,2290.0,2.0,3.0,2.0,24.0,122500
8.0,1998.0,4.0,4.0,1284.0,2450.0,2.0,4.0,3.0,40.0,340000
5.0,1963.0,3.0,3.0,1144.0,1144.0,1.0,3.0,1.0,25.0,124000
6.0,1969.0,4.0,3.0,1844.0,1844.0,2.0,4.0,2.0,30.0,223000
6.0,1968.0,3.0,3.0,708.0,1416.0,2.0,3.0,2.0,36.0,179900
6.0,1977.0,3.0,4.0,1069.0,1069.0,2.0,3.0,2.0,30.0,127500
6.0,2003.0,4.0,4.0,848.0,848.0,1.0,4.0,2.0,30.0,136500
6.0,1966.0,4.0,4.0,697.0,2201.0,2.0,4.0,2.0,42.0,274970
5.0,1958.0,3.0,3.0,1024.0,1344.0,1.0,3.0,1.0,25.0,144000
6.0,1959.0,4.0,3.0,1252.0,1252.0,1.0,4.0,2.0,36.0,142000
7.0,1994.0,4.0,4.0,1223.0,2127.0,2.0,4.0,2.0,35.0,271000
5.0,1945.0,3.0,3.0,913.0,1558.0,1.0,3.0,1.0,30.0,140000
5.0,1940.0,3.0,3.0,788.0,804.0,1.0,4.0,1.0,35.0,119000
6.0,1981.0,4.0,4.0,1440.0,1440.0,2.0,4.0,2.0,42.0,182900
5.0,2005.0,4.0,4.0,732.0,1838.0,2.0,3.0,2.0,25.0,192140
6.0,1976.0,3.0,4.0,958.0,958.0,2.0,3.0,2.0,36.0,143750
4.0,1927.0,3.0,3.0,656.0,968.0,2.0,3.0,1.0,24.0,64500
6.0,2000.0,3.0,4.0,936.0,1792.0,2.0,3.0,2.0,30.0,186500
5.0,1977.0,3.0,3.0,1126.0,1126.0,2.0,3.0,2.0,25.0,160000
6.0,1962.0,4.0,3.0,1319.0,1537.0,1.0,4.0,2.0,54.0,174000
4.0,1971.0,3.0,3.0,864.0,864.0,1.0,3.0,2.0,24.0,120500
8.0,2008.0,5.0,5.0,1932.0,1932.0,2.0,5.0,3.0,40.0,394617
6.0,1957.0,3.0,3.0,912.0,1236.0,1.0,3.0,2.0,42.0,149700
7.0,1979.0,3.0,3.0,539.0,1725.0,2.0,3.0,2.0,42.0,197000
6.0,1922.0,3.0,5.0,588.0,2555.0,2.0,3.0,2.0,42.0,191000
6.0,2004.0,4.0,4.0,848.0,848.0,1.0,4.0,2.0,30.0,149300
10.0,2008.0,5.0,5.0,1017.0,2007.0,2.0,5.0,3.0,50.0,310000
6.0,1916.0,3.0,3.0,952.0,952.0,1.0,2.0,1.0,36.0,121000
7.0,2004.0,4.0,4.0,1422.0,1422.0,2.0,4.0,2.0,35.0,179600
6.0,1966.0,3.0,3.0,814.0,913.0,1.0,3.0,1.0,30.0,129000
5.0,1962.0,3.0,3.0,1188.0,1188.0,1.0,3.0,1.0,35.0,157900
8.0,1995.0,4.0,4.0,1220.0,2090.0,2.0,4.0,2.0,40.0,240000
4.0,1910.0,3.0,2.0,560.0,1346.0,1.0,3.0,1.0,28.0,112000
5.0,1970.0,3.0,4.0,630.0,630.0,1.0,5.0,0.0,35.0,92000
5.0,1974.0,3.0,4.0,896.0,1792.0,2.0,3.0,0.0,25.0,136000
8.0,2008.0,4.0,4.0,1573.0,1578.0,2.0,5.0,3.0,40.0,287090
5.0,2005.0,3.0,4.0,547.0,1072.0,1.0,3.0,2.0,25.0,145000
5.0,2006.0,3.0,4.0,1140.0,1140.0,1.0,3.0,0.0,25.0,84500
7.0,2004.0,4.0,4.0,1221.0,1221.0,2.0,4.0,2.0,35.0,185000
6.0,1999.0,3.0,4.0,953.0,1647.0,2.0,3.0,2.0,30.0,175000
6.0,1978.0,3.0,4.0,1542.0,2073.0,2.0,3.0,2.0,36.0,210000
7.0,1941.0,5.0,3.0,1152.0,2340.0,2.0,4.0,1.0,63.0,266500
5.0,1950.0,3.0,3.0,1078.0,1078.0,1.0,4.0,1.0,30.0,142125
5.0,1965.0,4.0,3.0,1256.0,1256.0,1.0,3.0,1.0,30.0,147500
